episode,timestep,return,length,epsilon,loss,mean_q,success
0,999,-1000.0,1000,0.9810000000000088,0,0,0
1,1999,-1000.0,1000,0.9620000000000175,6.531242979690433e-05,-1.2664116621017456,0
2,2999,-1000.0,1000,0.9430000000000263,6.453614332713187e-05,-2.1978542804718018,0
3,3999,-1000.0,1000,0.924000000000035,0.00013123141252435744,-3.1527833938598633,0
4,4999,-1000.0,1000,0.9050000000000438,0.0039910562336444855,-4.125153541564941,0
5,5999,-1000.0,1000,0.8860000000000525,0.00027424184372648597,-5.085333824157715,0
6,6999,-1000.0,1000,0.8670000000000613,0.0012659154599532485,-6.017602443695068,0
7,7999,-1000.0,1000,0.84800000000007,0.0016711186617612839,-7.030642986297607,0
8,8999,-1000.0,1000,0.8290000000000788,0.5196972489356995,-7.872649192810059,0
9,9999,-1000.0,1000,0.8100000000000875,0.005107874982059002,-8.606832504272461,0
10,10999,-1000.0,1000,0.7910000000000963,0.0006056319689378142,-9.533834457397461,0
11,11999,-1000.0,1000,0.772000000000105,0.000688946689479053,-10.476470947265625,0
12,12999,-1000.0,1000,0.7530000000001138,0.0013652282068505883,-11.327640533447266,0
13,13999,-1000.0,1000,0.7340000000001226,0.0023818137124180794,-12.18642807006836,0
14,14999,-1000.0,1000,0.7150000000001313,0.008064990863204002,-13.095693588256836,0
15,15999,-1000.0,1000,0.6960000000001401,0.025423849001526833,-13.712608337402344,0
16,16999,-1000.0,1000,0.6770000000001488,0.005620395299047232,-14.560323715209961,0
17,17840,-841.0,841,0.6610210000001562,0.007111670915037394,-15.191041946411133,1
18,18840,-1000.0,1000,0.6420210000001649,0.005711558274924755,-16.026233673095703,0
19,19840,-1000.0,1000,0.6230210000001737,0.004443759564310312,-16.839252471923828,0
20,20840,-1000.0,1000,0.6040210000001824,0.0017587026813998818,-17.768068313598633,0
21,21840,-1000.0,1000,0.5850210000001912,4.847006320953369,-18.26681900024414,0
22,22671,-831.0,831,0.5692320000001985,0.004975338466465473,-19.26006507873535,1
23,23253,-582.0,582,0.5581740000002036,0.003306430298835039,-19.668182373046875,1
24,24253,-1000.0,1000,0.5391740000002123,0.003114494727924466,-20.322038650512695,0
25,25076,-823.0,823,0.5235370000002195,0.04536931961774826,-20.823711395263672,1
26,25764,-688.0,688,0.5104650000002255,0.029382193461060524,-20.967666625976562,1
27,26339,-575.0,575,0.4995400000002306,0.0308628361672163,-21.577285766601562,1
28,27319,-980.0,980,0.48092000000023916,0.009254610165953636,-22.088632583618164,1
29,28102,-783.0,783,0.466043000000246,0.02762271836400032,-22.9376220703125,1
30,28812,-710.0,710,0.4525530000002522,0.03409445285797119,-23.038394927978516,1
31,29489,-677.0,677,0.43969000000025815,0.03897184133529663,-23.491348266601562,1
32,30194,-705.0,705,0.4262950000002643,0.00863066129386425,-24.38235092163086,1
33,30896,-702.0,702,0.41295700000027047,0.08662186563014984,-23.835649490356445,1
34,31610,-714.0,714,0.3993910000002767,2.9180638790130615,-24.518917083740234,1
35,32021,-411.0,411,0.3915820000002803,0.032535143196582794,-25.06694793701172,1
36,32266,-245.0,245,0.38692700000028246,0.008057278580963612,-25.319252014160156,1
37,32679,-413.0,413,0.3790800000002861,0.03369826078414917,-25.31722640991211,1
38,33249,-570.0,570,0.36825000000029107,0.10100579261779785,-25.786258697509766,1
39,33736,-487.0,487,0.35899700000029533,6.261528968811035,-25.814327239990234,1
40,34331,-595.0,595,0.34769200000030054,0.018910476937890053,-26.890689849853516,1
41,34965,-634.0,634,0.3356460000003061,0.018176816403865814,-26.418983459472656,1
42,35197,-232.0,232,0.3312380000003081,0.028180528432130814,-27.064334869384766,1
43,35720,-523.0,523,0.3213010000003127,0.010431982576847076,-27.148845672607422,1
44,36629,-909.0,909,0.30403000000032065,0.040769062936306,-27.772899627685547,1
45,37041,-412.0,412,0.29620200000032426,0.04450887069106102,-28.093914031982422,1
46,37363,-322.0,322,0.2900840000003271,0.01833098754286766,-28.11643409729004,1
47,37702,-339.0,339,0.28364300000033005,0.02965710312128067,-28.795204162597656,1
48,37961,-259.0,259,0.2787220000003323,1.3898500204086304,-28.45358657836914,1
49,38369,-408.0,408,0.2709700000003359,0.006944202817976475,-29.261207580566406,1
50,38733,-364.0,364,0.2640540000003391,0.03502598777413368,-28.293493270874023,1
51,39123,-390.0,390,0.2566440000003425,0.019142813980579376,-30.41082000732422,1
52,39341,-218.0,218,0.2525020000003444,0.024044346064329147,-30.05520248413086,1
53,39648,-307.0,307,0.24666900000034708,0.021434102207422256,-29.921981811523438,1
54,40111,-463.0,463,0.23787200000035114,0.01319147739559412,-30.924880981445312,1
55,40558,-447.0,447,0.22937900000035505,0.0394306518137455,-30.15287971496582,1
56,40913,-355.0,355,0.22263400000035816,14.252717018127441,-30.681499481201172,1
57,41195,-282.0,282,0.21727600000036063,0.027601860463619232,-31.58932113647461,1
58,41422,-227.0,227,0.2129630000003626,0.006946076638996601,-31.112268447875977,1
59,41932,-510.0,510,0.20327300000036708,0.053043000400066376,-30.957529067993164,1
60,42242,-310.0,310,0.1973830000003698,0.0164710134267807,-31.459491729736328,1
61,42452,-210.0,210,0.19339300000037163,0.07390574365854263,-31.17160415649414,1
62,42721,-269.0,269,0.18828200000037398,0.0111620482057333,-31.935043334960938,1
63,43027,-306.0,306,0.18246800000037666,0.04236766695976257,-32.39853286743164,1
64,43419,-392.0,392,0.1750200000003801,0.0121390912681818,-32.847408294677734,1
65,43661,-242.0,242,0.1704220000003822,0.08616236597299576,-31.913415908813477,1
66,43844,-183.0,183,0.16694500000038381,0.012512818910181522,-32.78152084350586,1
67,44071,-227.0,227,0.1626320000003858,0.042931389063596725,-32.11167907714844,1
68,44308,-237.0,237,0.15812900000038788,0.0351070761680603,-32.16918182373047,1
69,44491,-183.0,183,0.15465200000038948,0.04921657219529152,-32.808780670166016,1
70,44756,-265.0,265,0.1496170000003918,0.019923124462366104,-31.743038177490234,1
71,45017,-261.0,261,0.14465800000039408,0.07857885956764221,-33.40568161010742,1
72,45179,-162.0,162,0.1415800000003955,0.060748156160116196,-33.118797302246094,1
73,45434,-255.0,255,0.13673500000039773,0.16161848604679108,-33.598487854003906,1
74,45653,-219.0,219,0.13257400000039965,0.17924019694328308,-33.49344253540039,1
75,45895,-242.0,242,0.12797600000040177,0.005178009159862995,-32.817138671875,1
76,46062,-167.0,167,0.12480300000040308,0.019019268453121185,-33.53411102294922,1
77,46312,-250.0,250,0.1200530000004018,0.010340210050344467,-33.653900146484375,1
78,46558,-246.0,246,0.11537900000040054,0.04254439100623131,-34.47191619873047,1
79,46810,-252.0,252,0.11059100000039924,0.06288953125476837,-34.064422607421875,1
80,46992,-182.0,182,0.10713300000039831,0.02976015768945217,-33.83869934082031,1
81,47188,-196.0,196,0.10340900000039731,0.022552382200956345,-34.084964752197266,1
82,47358,-170.0,170,0.10017900000039644,0.02643909677863121,-33.95232391357422,1
83,47577,-219.0,219,0.09601800000039531,0.06899704039096832,-33.854644775390625,1
84,47730,-153.0,153,0.09311100000039453,0.0061126770451664925,-33.878658294677734,1
85,47910,-180.0,180,0.08969100000039361,0.05455203354358673,-35.0797119140625,1
86,48174,-264.0,264,0.08467500000039226,0.13589319586753845,-33.112457275390625,1
87,48301,-127.0,127,0.0822620000003916,0.025427572429180145,-33.47943878173828,1
88,48459,-158.0,158,0.0792600000003908,0.006116603501141071,-35.11275863647461,1
89,48593,-134.0,134,0.07671400000039011,0.023200053721666336,-34.71112823486328,1
90,48771,-178.0,178,0.0733320000003892,0.02378033474087715,-33.47956848144531,1
91,48901,-130.0,130,0.07086200000038853,0.01601339504122734,-33.96910858154297,1
92,49061,-160.0,160,0.06782200000038771,0.04546768590807915,-35.04649353027344,1
93,49210,-149.0,149,0.06499100000038695,0.029981397092342377,-34.6819953918457,1
94,49383,-173.0,173,0.06170400000038635,0.012983165681362152,-34.44328308105469,1
95,49501,-118.0,118,0.05946200000038657,0.08874136209487915,-35.06593704223633,1
96,49669,-168.0,168,0.05627000000038687,0.026128580793738365,-34.797088623046875,1
97,49829,-160.0,160,0.05323000000038716,0.029743336141109467,-35.2559928894043,1
98,49975,-146.0,146,0.05045600000038743,0.1322229504585266,-33.533912658691406,1
99,50205,-230.0,230,0.05,0,0,1
100,50331,-126.0,126,0.05,0,0,1
101,51206,-875.0,875,0.05,0.06659120321273804,-36.793617248535156,1
102,51442,-236.0,236,0.05,0.012217777781188488,-36.65507507324219,1
103,51661,-219.0,219,0.05,0.09178991615772247,-36.739723205566406,1
104,51805,-144.0,144,0.05,0.01014498807489872,-36.730751037597656,1
105,52052,-247.0,247,0.05,0.04566346853971481,-36.86463165283203,1
106,52229,-177.0,177,0.05,0.024945493787527084,-35.269248962402344,1
107,52427,-198.0,198,0.05,0.014390657655894756,-36.39284896850586,1
108,52629,-202.0,202,0.05,0.1314193159341812,-36.25849914550781,1
109,52845,-216.0,216,0.05,0.011654248461127281,-36.21622848510742,1
110,52962,-117.0,117,0.05,18.560314178466797,-36.223594665527344,1
111,53117,-155.0,155,0.05,0.6471339464187622,-35.29566192626953,1
112,53247,-130.0,130,0.05,0.1177964136004448,-35.92209243774414,1
113,53416,-169.0,169,0.05,0.00878356397151947,-37.533790588378906,1
114,53602,-186.0,186,0.05,0.02983967401087284,-37.05201721191406,1
115,53767,-165.0,165,0.05,0.012995348311960697,-36.87269592285156,1
116,53883,-116.0,116,0.05,0.08438298106193542,-36.74237060546875,1
117,54052,-169.0,169,0.05,0.08994156122207642,-37.63500213623047,1
118,54186,-134.0,134,0.05,0.065853551030159,-36.783538818359375,1
119,54300,-114.0,114,0.05,0.029573509469628334,-37.8729248046875,1
120,54448,-148.0,148,0.05,0.11215770244598389,-36.78468322753906,1
121,54595,-147.0,147,0.05,0.029196444898843765,-37.25876998901367,1
122,54771,-176.0,176,0.05,0.1087636649608612,-36.42385482788086,1
123,54974,-203.0,203,0.05,0.049619924277067184,-38.220489501953125,1
124,55172,-198.0,198,0.05,0.015468830242753029,-36.375885009765625,1
125,55321,-149.0,149,0.05,0.024806687608361244,-38.08082580566406,1
126,55551,-230.0,230,0.05,0.056048523634672165,-35.9197883605957,1
127,55684,-133.0,133,0.05,0.011543980799615383,-37.77189254760742,1
128,55811,-127.0,127,0.05,0.0100580845028162,-36.360435485839844,1
129,55975,-164.0,164,0.05,17.859027862548828,-38.11848449707031,1
130,56126,-151.0,151,0.05,0.08913285285234451,-39.53489685058594,1
131,56277,-151.0,151,0.05,0.01627456583082676,-39.5045166015625,1
132,56420,-143.0,143,0.05,0.025055915117263794,-37.29356002807617,1
133,56614,-194.0,194,0.05,0.010431649163365364,-38.43084716796875,1
134,56761,-147.0,147,0.05,0.08371524512767792,-38.009666442871094,1
135,56918,-157.0,157,0.05,0.1227574348449707,-37.037288665771484,1
136,57103,-185.0,185,0.05,0.1438204050064087,-38.361392974853516,1
137,57250,-147.0,147,0.05,0.025163255631923676,-39.87873077392578,1
138,57443,-193.0,193,0.05,0.13480406999588013,-37.38853454589844,1
139,57606,-163.0,163,0.05,0.024223575368523598,-38.86882019042969,1
140,57843,-237.0,237,0.05,0.023413673043251038,-39.46739196777344,1
141,58013,-170.0,170,0.05,0.08054274320602417,-38.511688232421875,1
142,58214,-201.0,201,0.05,0.06671255826950073,-37.84621047973633,1
143,58426,-212.0,212,0.05,0.057666927576065063,-37.20362854003906,1
144,58607,-181.0,181,0.05,0.024006735533475876,-38.22178649902344,1
145,58735,-128.0,128,0.05,0.27961745858192444,-37.91278839111328,1
146,58904,-169.0,169,0.05,0.15271131694316864,-38.99212646484375,1
147,59142,-238.0,238,0.05,0.02719023823738098,-38.409149169921875,1
148,59394,-252.0,252,0.05,0.2718311846256256,-37.644447326660156,1
149,59583,-189.0,189,0.05,0.022473584860563278,-37.55552673339844,1
150,59802,-219.0,219,0.05,0.013776949606835842,-38.851661682128906,1
151,59919,-117.0,117,0.05,0.2878171503543854,-37.56515121459961,1
152,60074,-155.0,155,0.05,0.015057936310768127,-38.97456359863281,1
153,60186,-112.0,112,0.05,0.03993362560868263,-38.51829147338867,1
154,60364,-178.0,178,0.05,0.05330577865242958,-38.1997184753418,1
155,60533,-169.0,169,0.05,0.02047451213002205,-38.49036407470703,1
156,60763,-230.0,230,0.05,0.025469722226262093,-37.9351806640625,1
157,60928,-165.0,165,0.05,0.016651270911097527,-37.99993133544922,1
158,61078,-150.0,150,0.05,0.12056701630353928,-40.14052963256836,1
159,61257,-179.0,179,0.05,0.010484985075891018,-38.20235824584961,1
160,61397,-140.0,140,0.05,0.06691128015518188,-39.84016418457031,1
161,61535,-138.0,138,0.05,0.024629320949316025,-39.197593688964844,1
162,61697,-162.0,162,0.05,0.013888667337596416,-38.901344299316406,1
163,61843,-146.0,146,0.05,0.014688864350318909,-37.57136917114258,1
164,62054,-211.0,211,0.05,0.04525362700223923,-40.19942092895508,1
165,62283,-229.0,229,0.05,0.01524642575532198,-39.030616760253906,1
166,62431,-148.0,148,0.05,0.07135619223117828,-38.664039611816406,1
167,62592,-161.0,161,0.05,0.10285566747188568,-37.45964813232422,1
168,62770,-178.0,178,0.05,0.012497367337346077,-39.73139190673828,1
169,62926,-156.0,156,0.05,0.026389561593532562,-38.4836540222168,1
170,63085,-159.0,159,0.05,0.03205078840255737,-38.26186752319336,1
171,63247,-162.0,162,0.05,0.09219074994325638,-38.047142028808594,1
172,63360,-113.0,113,0.05,0.11645019054412842,-39.36151123046875,1
173,63477,-117.0,117,0.05,0.027233781293034554,-38.94527053833008,1
174,63626,-149.0,149,0.05,0.159385085105896,-40.53466033935547,1
175,63815,-189.0,189,0.05,0.031168267130851746,-38.562232971191406,1
176,64010,-195.0,195,0.05,0.18539896607398987,-39.487876892089844,1
177,64183,-173.0,173,0.05,0.49428701400756836,-40.56745147705078,1
178,64343,-160.0,160,0.05,0.09844844043254852,-39.72657775878906,1
179,64507,-164.0,164,0.05,0.035962507128715515,-39.46661376953125,1
180,64617,-110.0,110,0.05,0.0891081839799881,-38.68251037597656,1
181,64725,-108.0,108,0.05,0.08775795251131058,-38.425262451171875,1
182,64904,-179.0,179,0.05,0.026553258299827576,-40.41661071777344,1
183,65051,-147.0,147,0.05,0.2050935924053192,-38.583744049072266,1
184,65228,-177.0,177,0.05,0.20115551352500916,-38.82004165649414,1
185,65398,-170.0,170,0.05,0.027269672602415085,-39.439754486083984,1
186,65553,-155.0,155,0.05,0.057683732360601425,-38.863243103027344,1
187,65709,-156.0,156,0.05,0.028238996863365173,-40.76643753051758,1
188,65859,-150.0,150,0.05,0.03300584480166435,-37.724082946777344,1
189,66026,-167.0,167,0.05,0.07152990996837616,-40.57246780395508,1
190,66167,-141.0,141,0.05,0.1275058537721634,-39.252769470214844,1
191,66322,-155.0,155,0.05,0.06375761330127716,-40.56401062011719,1
192,66525,-203.0,203,0.05,0.09553399682044983,-39.626220703125,1
193,66680,-155.0,155,0.05,0.07163216173648834,-39.692806243896484,1
194,66821,-141.0,141,0.05,0.014732960611581802,-40.651424407958984,1
195,67007,-186.0,186,0.05,0.04905158281326294,-41.831146240234375,1
196,67151,-144.0,144,0.05,0.0363432839512825,-42.242958068847656,1
197,67302,-151.0,151,0.05,0.02192557044327259,-39.93563461303711,1
198,67438,-136.0,136,0.05,0.16892662644386292,-40.06244659423828,1
199,67616,-178.0,178,0.05,0.06216030940413475,-38.89308166503906,1
200,67852,-236.0,236,0.05,0.06029977649450302,-40.16877746582031,1
201,68017,-165.0,165,0.05,0.1873740404844284,-41.82568359375,1
202,68214,-197.0,197,0.05,0.12117419391870499,-41.7595329284668,1
203,68430,-216.0,216,0.05,0.03570208325982094,-42.295772552490234,1
204,68576,-146.0,146,0.05,0.47337183356285095,-40.3038215637207,1
205,68728,-152.0,152,0.05,0.03313237428665161,-42.382484436035156,1
206,68920,-192.0,192,0.05,0.04262059926986694,-40.52908706665039,1
207,69067,-147.0,147,0.05,0.05434908717870712,-39.14527130126953,1
208,69219,-152.0,152,0.05,0.02571910247206688,-41.919837951660156,1
209,69388,-169.0,169,0.05,0.1750926673412323,-39.60575866699219,1
210,69564,-176.0,176,0.05,0.03382059931755066,-38.57097625732422,1
211,69733,-169.0,169,0.05,0.019127165898680687,-41.28855895996094,1
212,69941,-208.0,208,0.05,0.05057772621512413,-41.39241027832031,1
213,70192,-251.0,251,0.05,0.04660358279943466,-39.99909210205078,1
214,70389,-197.0,197,0.05,0.048775408416986465,-41.71226501464844,1
215,70524,-135.0,135,0.05,0.07384796440601349,-42.03929901123047,1
216,70726,-202.0,202,0.05,0.04866299033164978,-41.77423095703125,1
217,70961,-235.0,235,0.05,0.0676892101764679,-38.068023681640625,1
218,71131,-170.0,170,0.05,0.06391611695289612,-40.260711669921875,1
219,71280,-149.0,149,0.05,0.02276996150612831,-39.25172424316406,1
220,71526,-246.0,246,0.05,0.06928161531686783,-41.941566467285156,1
221,71722,-196.0,196,0.05,0.27146995067596436,-40.373416900634766,1
222,71895,-173.0,173,0.05,0.05091423541307449,-39.68001937866211,1
223,72124,-229.0,229,0.05,0.10944308340549469,-39.903377532958984,1
224,72598,-474.0,474,0.05,0.04673190414905548,-43.573822021484375,1
225,72801,-203.0,203,0.05,0.04446415603160858,-41.39555358886719,1
226,73228,-427.0,427,0.05,0.045972973108291626,-41.26853942871094,1
227,73526,-298.0,298,0.05,0.1868273913860321,-38.521297454833984,1
228,73949,-423.0,423,0.05,0.03138123080134392,-42.79651641845703,1
229,74189,-240.0,240,0.05,0.06199385225772858,-39.95280456542969,1
230,74938,-749.0,749,0.05,0.07216659188270569,-41.082786560058594,1
231,75173,-235.0,235,0.05,0.07723603397607803,-43.578346252441406,1
232,75480,-307.0,307,0.05,0.059329207986593246,-42.48747253417969,1
233,75681,-201.0,201,0.05,0.05128810554742813,-44.88765335083008,1
234,75954,-273.0,273,0.05,0.025492217391729355,-43.45149612426758,1
235,76808,-854.0,854,0.05,0.11302898824214935,-38.97566604614258,1
236,77034,-226.0,226,0.05,0.3100908398628235,-43.65613555908203,1
237,77320,-286.0,286,0.05,0.13466808199882507,-42.15155029296875,1
238,77595,-275.0,275,0.05,0.06619760394096375,-43.59176254272461,1
239,78069,-474.0,474,0.05,0.03652471303939819,-45.640281677246094,1
240,78395,-326.0,326,0.05,0.019963793456554413,-43.774620056152344,1
241,78876,-481.0,481,0.05,0.03500550240278244,-42.224578857421875,1
242,79171,-295.0,295,0.05,0.11727554351091385,-42.90913009643555,1
243,79349,-178.0,178,0.05,0.057947248220443726,-41.68693542480469,1
244,79725,-376.0,376,0.05,0.03449300304055214,-44.428611755371094,1
245,80051,-326.0,326,0.05,0.039548225700855255,-45.85193634033203,1
246,80214,-163.0,163,0.05,0.04738748073577881,-45.10595703125,1
247,80458,-244.0,244,0.05,0.09611566364765167,-45.570587158203125,1
248,80724,-266.0,266,0.05,0.024547692388296127,-45.36219787597656,1
249,80952,-228.0,228,0.05,0.040025919675827026,-43.14366912841797,1
250,81202,-250.0,250,0.05,0.03643980994820595,-45.33738708496094,1
251,81329,-127.0,127,0.05,0.0950741246342659,-45.77644348144531,1
252,81489,-160.0,160,0.05,0.07399381697177887,-42.840267181396484,1
253,81821,-332.0,332,0.05,0.06232362613081932,-43.147735595703125,1
254,82080,-259.0,259,0.05,0.9285684823989868,-44.74504089355469,1
255,82236,-156.0,156,0.05,0.02542027086019516,-43.662391662597656,1
256,82518,-282.0,282,0.05,0.059029221534729004,-42.78185272216797,1
257,82672,-154.0,154,0.05,0.07456713914871216,-42.993141174316406,1
258,82830,-158.0,158,0.05,0.03684566915035248,-42.158592224121094,1
259,83092,-262.0,262,0.05,0.03273812681436539,-43.2325325012207,1
260,83301,-209.0,209,0.05,0.2855730652809143,-41.98423385620117,1
261,83481,-180.0,180,0.05,0.05742160230875015,-44.31764602661133,1
262,83654,-173.0,173,0.05,0.034764572978019714,-43.05574035644531,1
263,83876,-222.0,222,0.05,0.14129874110221863,-41.32557678222656,1
264,84052,-176.0,176,0.05,0.13344094157218933,-39.634925842285156,1
265,84236,-184.0,184,0.05,0.052178189158439636,-43.611717224121094,1
266,84468,-232.0,232,0.05,0.06799682229757309,-45.15629577636719,1
267,84636,-168.0,168,0.05,0.0421898290514946,-46.862701416015625,1
268,84923,-287.0,287,0.05,0.21139831840991974,-46.87024688720703,1
269,85085,-162.0,162,0.05,0.12183113396167755,-46.6468505859375,1
270,85253,-168.0,168,0.05,0.08037067204713821,-45.089237213134766,1
271,85488,-235.0,235,0.05,0.07660532742738724,-46.790794372558594,1
272,85674,-186.0,186,0.05,0.1459866166114807,-43.991798400878906,1
273,85844,-170.0,170,0.05,0.0948130339384079,-44.80377197265625,1
274,85930,-86.0,86,0.05,0.039907123893499374,-45.026153564453125,1
275,86111,-181.0,181,0.05,0.05219656229019165,-46.17090606689453,1
276,86282,-171.0,171,0.05,0.07548832893371582,-47.16163635253906,1
277,86402,-120.0,120,0.05,0.06789875775575638,-42.21303939819336,1
278,86672,-270.0,270,0.05,0.06088460236787796,-41.61063766479492,1
279,86876,-204.0,204,0.05,0.13051246106624603,-44.436737060546875,1
280,87054,-178.0,178,0.05,0.23378115892410278,-45.77961730957031,1
281,87223,-169.0,169,0.05,0.1712483912706375,-47.20866775512695,1
282,87356,-133.0,133,0.05,0.07288720458745956,-43.04296112060547,1
283,87538,-182.0,182,0.05,0.060667119920253754,-42.132049560546875,1
284,87730,-192.0,192,0.05,0.07965435087680817,-46.95130157470703,1
285,87917,-187.0,187,0.05,0.04756269231438637,-47.509986877441406,1
286,88034,-117.0,117,0.05,0.20471933484077454,-43.42827606201172,1
287,88196,-162.0,162,0.05,0.11122167110443115,-44.787357330322266,1
288,88456,-260.0,260,0.05,0.21468418836593628,-44.30687713623047,1
289,88630,-174.0,174,0.05,0.05395519360899925,-44.985015869140625,1
290,88807,-177.0,177,0.05,0.020274693146348,-45.96992492675781,1
291,89109,-302.0,302,0.05,0.21344758570194244,-45.81488800048828,1
292,89279,-170.0,170,0.05,0.053935036063194275,-44.04402160644531,1
293,89445,-166.0,166,0.05,0.1158713847398758,-41.841819763183594,1
294,89609,-164.0,164,0.05,0.025287535041570663,-44.74299621582031,1
295,89728,-119.0,119,0.05,0.15450286865234375,-43.06066131591797,1
296,89827,-99.0,99,0.05,0.028080174699425697,-45.14624786376953,1
297,90009,-182.0,182,0.05,0.04063913971185684,-45.790992736816406,1
298,90179,-170.0,170,0.05,0.11934265494346619,-48.398521423339844,1
299,90293,-114.0,114,0.05,0.17896100878715515,-44.40427017211914,1
300,90485,-192.0,192,0.05,0.17564232647418976,-44.617008209228516,1
301,90635,-150.0,150,0.05,0.03414555639028549,-43.87606430053711,1
302,90749,-114.0,114,0.05,0.15256138145923615,-46.314605712890625,1
303,90923,-174.0,174,0.05,0.0721220001578331,-45.0687255859375,1
304,91012,-89.0,89,0.05,0.27286776900291443,-45.39411926269531,1
305,91188,-176.0,176,0.05,0.13462814688682556,-43.54772186279297,1
306,91302,-114.0,114,0.05,0.22933954000473022,-47.33106994628906,1
307,91420,-118.0,118,0.05,0.243099182844162,-46.827354431152344,1
308,91535,-115.0,115,0.05,0.36088883876800537,-46.23986053466797,1
309,91645,-110.0,110,0.05,0.041749756783246994,-45.68312072753906,1
310,91756,-111.0,111,0.05,0.02459651231765747,-47.46009063720703,1
311,91873,-117.0,117,0.05,0.030740410089492798,-43.25340270996094,1
312,92078,-205.0,205,0.05,0.03744811564683914,-47.53034210205078,1
313,92258,-180.0,180,0.05,0.06727474927902222,-46.93505096435547,1
314,92421,-163.0,163,0.05,0.044699035584926605,-41.662437438964844,1
315,92607,-186.0,186,0.05,0.23649758100509644,-47.123985290527344,1
316,92723,-116.0,116,0.05,0.5310430526733398,-46.51136779785156,1
317,92878,-155.0,155,0.05,0.0817977786064148,-46.66248321533203,1
318,92977,-99.0,99,0.05,0.05609889328479767,-51.69792938232422,1
319,93148,-171.0,171,0.05,0.05599959194660187,-49.01171112060547,1
320,93277,-129.0,129,0.05,0.041949160397052765,-47.92805480957031,1
321,93367,-90.0,90,0.05,0.0443316325545311,-47.61280822753906,1
322,93485,-118.0,118,0.05,0.119647316634655,-47.78596496582031,1
323,93667,-182.0,182,0.05,0.0992838442325592,-49.944854736328125,1
324,93784,-117.0,117,0.05,0.07319614291191101,-51.73715591430664,1
325,93944,-160.0,160,0.05,0.015050901100039482,-49.645904541015625,1
326,94073,-129.0,129,0.05,0.23178493976593018,-45.30109405517578,1
327,94184,-111.0,111,0.05,0.24386851489543915,-46.03340148925781,1
328,94336,-152.0,152,0.05,0.12594346702098846,-48.09178161621094,1
329,94432,-96.0,96,0.05,0.16921156644821167,-49.577606201171875,1
330,94595,-163.0,163,0.05,0.3033723831176758,-48.97517013549805,1
331,94752,-157.0,157,0.05,0.03191334754228592,-46.06145477294922,1
332,94926,-174.0,174,0.05,0.08670759946107864,-48.46800994873047,1
333,95082,-156.0,156,0.05,0.05495424568653107,-42.27360916137695,1
334,95182,-100.0,100,0.05,0.04427547752857208,-49.954444885253906,1
335,95342,-160.0,160,0.05,0.07458144426345825,-48.61110305786133,1
336,95531,-189.0,189,0.05,0.03321016952395439,-44.37074279785156,1
337,95648,-117.0,117,0.05,0.0979371964931488,-46.38792419433594,1
338,95838,-190.0,190,0.05,0.10084205120801926,-47.49661636352539,1
339,95963,-125.0,125,0.05,0.05126655846834183,-50.12572479248047,1
340,96099,-136.0,136,0.05,0.07078781723976135,-45.736480712890625,1
341,96281,-182.0,182,0.05,0.11345875263214111,-43.25477600097656,1
342,96400,-119.0,119,0.05,0.03185775503516197,-47.61300277709961,1
343,96509,-109.0,109,0.05,0.24790315330028534,-47.92510986328125,1
344,96622,-113.0,113,0.05,0.09053432941436768,-44.04902267456055,1
345,96779,-157.0,157,0.05,0.04691876471042633,-46.89433288574219,1
346,96946,-167.0,167,0.05,0.010327281430363655,-49.756591796875,1
347,97102,-156.0,156,0.05,0.06830859929323196,-45.07482147216797,1
348,97198,-96.0,96,0.05,0.048279665410518646,-43.61329650878906,1
349,97400,-202.0,202,0.05,0.03846392035484314,-51.017547607421875,1
350,97512,-112.0,112,0.05,0.051453061401844025,-43.72882080078125,1
351,97632,-120.0,120,0.05,0.24126434326171875,-47.687652587890625,1
352,97742,-110.0,110,0.05,0.07229858636856079,-47.463478088378906,1
353,97854,-112.0,112,0.05,0.1329861283302307,-48.79697799682617,1
354,97969,-115.0,115,0.05,0.06399916112422943,-51.007938385009766,1
355,98144,-175.0,175,0.05,0.4349808692932129,-45.62348937988281,1
356,98257,-113.0,113,0.05,0.05115126073360443,-43.876747131347656,1
357,98381,-124.0,124,0.05,0.05465283617377281,-45.39509201049805,1
358,98486,-105.0,105,0.05,0.06533607840538025,-47.61536407470703,1
359,98597,-111.0,111,0.05,0.04437350481748581,-48.530364990234375,1
360,98768,-171.0,171,0.05,0.042083386331796646,-46.836639404296875,1
361,98882,-114.0,114,0.05,0.10291464626789093,-44.612064361572266,1
362,98988,-106.0,106,0.05,0.014117615297436714,-48.17201232910156,1
363,99101,-113.0,113,0.05,0.07406610250473022,-47.09943771362305,1
364,99253,-152.0,152,0.05,0.14058654010295868,-45.76414108276367,1
365,99454,-201.0,201,0.05,0.06915528327226639,-48.83818054199219,1
366,99566,-112.0,112,0.05,0.03349889814853668,-49.40843963623047,1
367,99652,-86.0,86,0.05,0.06518863141536713,-44.67607116699219,1
368,99811,-159.0,159,0.05,0.12338907271623611,-44.185482025146484,1
369,99941,-130.0,130,0.05,0.05601077526807785,-50.246543884277344,1
370,100058,-117.0,117,0.05,0,0,1
371,100256,-198.0,198,0.05,0,0,1
372,100356,-100.0,100,0.05,0,0,1
373,100516,-160.0,160,0.05,0,0,1
374,100675,-159.0,159,0.05,0,0,1
375,100832,-157.0,157,0.05,0,0,1
376,101027,-195.0,195,0.05,0.10453112423419952,-51.17882537841797,1
377,101159,-132.0,132,0.05,0.18113018572330475,-46.76804733276367,1
378,101322,-163.0,163,0.05,0.23773929476737976,-41.73548126220703,1
379,101431,-109.0,109,0.05,0.17466256022453308,-46.98822784423828,1
380,101542,-111.0,111,0.05,0.10658101737499237,-47.634830474853516,1
381,101633,-91.0,91,0.05,0.0760047510266304,-46.47304916381836,1
382,101753,-120.0,120,0.05,0.10623277723789215,-45.56708908081055,1
383,101849,-96.0,96,0.05,0.03044270910322666,-42.98554611206055,1
384,101945,-96.0,96,0.05,0.06453600525856018,-47.185340881347656,1
385,102111,-166.0,166,0.05,0.36001405119895935,-49.833003997802734,1
386,102288,-177.0,177,0.05,0.16218248009681702,-49.28730010986328,1
387,102386,-98.0,98,0.05,0.23480753600597382,-48.4876708984375,1
388,102548,-162.0,162,0.05,0.10090857744216919,-49.87992858886719,1
389,102665,-117.0,117,0.05,0.33865728974342346,-47.852012634277344,1
390,102776,-111.0,111,0.05,0.27263903617858887,-49.18278884887695,1
391,102879,-103.0,103,0.05,0.11496677994728088,-42.6315803527832,1
392,102981,-102.0,102,0.05,0.30962157249450684,-48.34572219848633,1
393,103075,-94.0,94,0.05,0.5382286906242371,-46.2376594543457,1
394,103230,-155.0,155,0.05,0.05419249087572098,-45.323516845703125,1
395,103327,-97.0,97,0.05,0.02903166599571705,-44.63090515136719,1
396,103436,-109.0,109,0.05,0.06971801072359085,-45.587158203125,1
397,103586,-150.0,150,0.05,0.2540517747402191,-43.638648986816406,1
398,103746,-160.0,160,0.05,0.060956649482250214,-48.74132537841797,1
399,103878,-132.0,132,0.05,0.1769818812608719,-45.63009262084961,1
400,103969,-91.0,91,0.05,0.10160815715789795,-46.35501480102539,1
401,104080,-111.0,111,0.05,0.14874985814094543,-46.39398956298828,1
402,104194,-114.0,114,0.05,0.0812537893652916,-45.077392578125,1
403,104348,-154.0,154,0.05,0.2420644760131836,-49.85486602783203,1
404,104433,-85.0,85,0.05,0.2489997148513794,-45.63310241699219,1
405,104592,-159.0,159,0.05,0.1367436647415161,-49.30432891845703,1
406,104698,-106.0,106,0.05,0.23587802052497864,-46.1436767578125,1
407,104887,-189.0,189,0.05,0.1250031739473343,-50.252986907958984,1
408,105061,-174.0,174,0.05,0.09224671125411987,-48.42705535888672,1
409,105153,-92.0,92,0.05,0.15375927090644836,-44.91973876953125,1
410,105257,-104.0,104,0.05,0.049153298139572144,-46.85813903808594,1
411,105344,-87.0,87,0.05,0.07877857983112335,-51.54262161254883,1
412,105502,-158.0,158,0.05,0.06440745294094086,-49.88865661621094,1
413,105596,-94.0,94,0.05,0.17427143454551697,-47.73699951171875,1
414,105697,-101.0,101,0.05,0.2658236026763916,-46.637001037597656,1
415,105851,-154.0,154,0.05,0.2633928060531616,-45.46844482421875,1
416,105947,-96.0,96,0.05,0.9897501468658447,-45.14765167236328,1
417,106131,-184.0,184,0.05,0.1467413306236267,-43.52936553955078,1
418,106291,-160.0,160,0.05,0.17363037168979645,-48.85254669189453,1
419,106400,-109.0,109,0.05,0.09757169336080551,-43.932071685791016,1
420,106606,-206.0,206,0.05,0.2456028163433075,-45.64019012451172,1
421,106704,-98.0,98,0.05,0.1387712061405182,-48.98750686645508,1
422,106822,-118.0,118,0.05,0.1228441447019577,-48.31703186035156,1
423,106995,-173.0,173,0.05,0.1998278647661209,-42.94369888305664,1
424,107164,-169.0,169,0.05,0.08888225257396698,-47.29106140136719,1
425,107327,-163.0,163,0.05,0.4748610258102417,-46.162960052490234,1
426,107493,-166.0,166,0.05,0.3242416977882385,-49.12201690673828,1
427,107602,-109.0,109,0.05,0.15779218077659607,-46.845916748046875,1
428,107763,-161.0,161,0.05,0.17996293306350708,-45.325233459472656,1
429,107918,-155.0,155,0.05,0.09709774702787399,-46.91426086425781,1
430,108025,-107.0,107,0.05,0.1999339759349823,-47.14336395263672,1
431,108138,-113.0,113,0.05,0.11058655381202698,-45.474891662597656,1
432,108302,-164.0,164,0.05,0.14546242356300354,-45.583106994628906,1
433,108470,-168.0,168,0.05,0.09529465436935425,-48.77763748168945,1
434,108629,-159.0,159,0.05,0.11564207077026367,-44.66923904418945,1
435,108744,-115.0,115,0.05,0.07421040534973145,-43.55381393432617,1
436,108854,-110.0,110,0.05,0.06312444806098938,-49.549964904785156,1
437,108966,-112.0,112,0.05,0.202144056558609,-47.04361343383789,1
438,109143,-177.0,177,0.05,0.11645809561014175,-47.09552764892578,1
439,109246,-103.0,103,0.05,0.11255419999361038,-51.68196105957031,1
440,109359,-113.0,113,0.05,0.09995749592781067,-42.66444396972656,1
441,109450,-91.0,91,0.05,0.2820749878883362,-43.363807678222656,1
442,109621,-171.0,171,0.05,0.10299934446811676,-43.60942077636719,1
443,109775,-154.0,154,0.05,0.491560697555542,-44.67432403564453,1
444,109940,-165.0,165,0.05,0.13172341883182526,-41.1185302734375,1
445,110079,-139.0,139,0.05,0.12586306035518646,-40.823368072509766,1
446,110257,-178.0,178,0.05,0.09515193104743958,-48.496925354003906,1
447,110368,-111.0,111,0.05,0.04701242223381996,-48.33470916748047,1
448,110494,-126.0,126,0.05,0.12568318843841553,-49.412742614746094,1
449,110654,-160.0,160,0.05,0.5644185543060303,-47.84078598022461,1
450,110821,-167.0,167,0.05,0.2069856822490692,-46.65355682373047,1
451,110923,-102.0,102,0.05,0.9214490056037903,-45.94355010986328,1
452,111039,-116.0,116,0.05,0.2994767129421234,-47.15497589111328,1
453,111230,-191.0,191,0.05,0.06688631325960159,-49.30925750732422,1
454,111387,-157.0,157,0.05,0.7621237635612488,-44.553104400634766,1
455,111485,-98.0,98,0.05,0.09030226618051529,-46.22768020629883,1
456,111652,-167.0,167,0.05,0.5103301405906677,-47.20228576660156,1
457,111821,-169.0,169,0.05,0.27377089858055115,-43.43360137939453,1
458,111917,-96.0,96,0.05,0.2132326066493988,-51.0491943359375,1
459,112040,-123.0,123,0.05,0.22312700748443604,-44.05424880981445,1
460,112146,-106.0,106,0.05,0.12239741533994675,-44.37944793701172,1
461,112253,-107.0,107,0.05,0.07067124545574188,-45.343040466308594,1
462,112416,-163.0,163,0.05,0.5252723097801208,-48.6800537109375,1
463,112513,-97.0,97,0.05,0.038913048803806305,-52.02799987792969,1
464,112684,-171.0,171,0.05,0.2554202675819397,-43.85426330566406,1
465,112796,-112.0,112,0.05,0.09612861275672913,-47.770774841308594,1
466,112906,-110.0,110,0.05,0.16877788305282593,-50.72782897949219,1
467,113072,-166.0,166,0.05,0.1450258493423462,-49.84160614013672,1
468,113164,-92.0,92,0.05,0.3485071063041687,-43.52512741088867,1
469,113350,-186.0,186,0.05,0.38461798429489136,-48.36674499511719,1
470,113470,-120.0,120,0.05,0.13309697806835175,-48.95582580566406,1
471,113623,-153.0,153,0.05,0.1741761565208435,-51.47441864013672,1
472,113747,-124.0,124,0.05,0.09548319876194,-46.99492645263672,1
473,113932,-185.0,185,0.05,0.19210396707057953,-39.85359573364258,1
474,114099,-167.0,167,0.05,0.07350181043148041,-45.78937911987305,1
475,114191,-92.0,92,0.05,0.18149089813232422,-45.06555938720703,1
476,114370,-179.0,179,0.05,0.1602167785167694,-50.93025207519531,1
477,114523,-153.0,153,0.05,0.13247889280319214,-47.3721809387207,1
478,114708,-185.0,185,0.05,0.18932583928108215,-45.99657440185547,1
479,114826,-118.0,118,0.05,0.1863349974155426,-47.83177185058594,1
480,114988,-162.0,162,0.05,0.34497517347335815,-50.46363067626953,1
481,115157,-169.0,169,0.05,0.386947900056839,-50.53776550292969,1
482,115357,-200.0,200,0.05,0.42865607142448425,-47.446136474609375,1
483,115518,-161.0,161,0.05,0.24659806489944458,-46.73081970214844,1
484,115619,-101.0,101,0.05,0.23883122205734253,-48.83723068237305,1
485,115773,-154.0,154,0.05,0.1774483323097229,-46.59371566772461,1
486,115932,-159.0,159,0.05,0.28610968589782715,-49.85602951049805,1
487,116047,-115.0,115,0.05,0.22558021545410156,-48.84257888793945,1
488,116180,-133.0,133,0.05,0.09850968420505524,-40.425941467285156,1
489,116312,-132.0,132,0.05,0.0915924459695816,-47.418365478515625,1
490,116482,-170.0,170,0.05,0.13535353541374207,-44.23584747314453,1
491,116637,-155.0,155,0.05,0.5959107875823975,-47.79264450073242,1
492,116795,-158.0,158,0.05,0.3045177459716797,-52.990753173828125,1
493,116959,-164.0,164,0.05,0.1584206521511078,-44.314361572265625,1
494,117131,-172.0,172,0.05,0.08961593359708786,-47.92580032348633,1
495,117288,-157.0,157,0.05,0.22230759263038635,-45.226627349853516,1
496,117375,-87.0,87,0.05,0.049518369138240814,-49.46680450439453,1
497,117536,-161.0,161,0.05,0.13615861535072327,-47.190269470214844,1
498,117639,-103.0,103,0.05,0.25529035925865173,-40.48859405517578,1
499,117801,-162.0,162,0.05,0.10583695769309998,-51.29631423950195,1
500,117894,-93.0,93,0.05,0.36579352617263794,-47.732669830322266,1
501,118067,-173.0,173,0.05,0.1686123013496399,-43.257179260253906,1
502,118174,-107.0,107,0.05,0.8012610673904419,-44.909996032714844,1
503,118294,-120.0,120,0.05,0.1427454948425293,-47.84198760986328,1
504,118470,-176.0,176,0.05,0.08686365932226181,-45.13749694824219,1
505,118642,-172.0,172,0.05,0.07230519503355026,-49.21469497680664,1
506,118729,-87.0,87,0.05,0.0533548966050148,-49.88811492919922,1
507,118817,-88.0,88,0.05,0.2114582359790802,-50.13956832885742,1
508,118910,-93.0,93,0.05,0.42446860671043396,-48.90101623535156,1
509,119068,-158.0,158,0.05,0.1319762021303177,-46.31526184082031,1
510,119230,-162.0,162,0.05,0.10594342648983002,-46.783714294433594,1
511,119336,-106.0,106,0.05,0.0587705560028553,-46.17228698730469,1
512,119516,-180.0,180,0.05,0.17177832126617432,-47.98200607299805,1
513,119711,-195.0,195,0.05,0.309292197227478,-47.68938446044922,1
514,119808,-97.0,97,0.05,0.27117305994033813,-46.6927490234375,1
515,119999,-191.0,191,0.05,0.4647150933742523,-44.89153289794922,1
516,120097,-98.0,98,0.05,0.6810579299926758,-50.85478973388672,1
517,120289,-192.0,192,0.05,0.08160708844661713,-49.83979415893555,1
518,120419,-130.0,130,0.05,0.1869712918996811,-43.03703308105469,1
519,120574,-155.0,155,0.05,0.09661582112312317,-46.46218490600586,1
520,120738,-164.0,164,0.05,0.15946584939956665,-44.34132766723633,1
521,120889,-151.0,151,0.05,0.10168422758579254,-46.78664016723633,1
522,121003,-114.0,114,0.05,0.2326383739709854,-50.5165901184082,1
523,121185,-182.0,182,0.05,0.7683935165405273,-48.90571594238281,1
524,121296,-111.0,111,0.05,0.18790097534656525,-45.76576232910156,1
525,121464,-168.0,168,0.05,0.13244660198688507,-47.855743408203125,1
526,121584,-120.0,120,0.05,0.143909752368927,-49.106842041015625,1
527,121733,-149.0,149,0.05,0.30808165669441223,-50.49925994873047,1
528,121899,-166.0,166,0.05,0.12845094501972198,-46.85435104370117,1
529,121993,-94.0,94,0.05,0.24206507205963135,-41.32096862792969,1
530,122090,-97.0,97,0.05,0.3010275363922119,-48.66027069091797,1
531,122184,-94.0,94,0.05,0.1127774715423584,-46.690635681152344,1
532,122319,-135.0,135,0.05,0.2570754289627075,-46.148780822753906,1
533,122428,-109.0,109,0.05,0.41528934240341187,-48.77604675292969,1
534,122646,-218.0,218,0.05,0.2665019631385803,-45.757118225097656,1
535,122804,-158.0,158,0.05,0.217585027217865,-45.69676208496094,1
536,122980,-176.0,176,0.05,0.17708459496498108,-46.14561080932617,1
537,123110,-130.0,130,0.05,0.11581417173147202,-48.16356658935547,1
538,123267,-157.0,157,0.05,0.21572095155715942,-46.39247512817383,1
539,123431,-164.0,164,0.05,0.3842464089393616,-42.054901123046875,1
540,123626,-195.0,195,0.05,0.21213270723819733,-46.530216217041016,1
541,123778,-152.0,152,0.05,0.1877172589302063,-43.71495056152344,1
542,123899,-121.0,121,0.05,0.1123729944229126,-47.59677505493164,1
543,123994,-95.0,95,0.05,0.5517518520355225,-45.629547119140625,1
544,124110,-116.0,116,0.05,0.1560709923505783,-48.57992172241211,1
545,124236,-126.0,126,0.05,0.29158297181129456,-45.603057861328125,1
546,124337,-101.0,101,0.05,0.116187684237957,-45.179691314697266,1
547,124509,-172.0,172,0.05,0.36053287982940674,-45.294189453125,1
548,124600,-91.0,91,0.05,0.32426875829696655,-43.10447692871094,1
549,124763,-163.0,163,0.05,0.3492928445339203,-44.36558532714844,1
550,124876,-113.0,113,0.05,0.1670169234275818,-43.90522003173828,1
551,124990,-114.0,114,0.05,0.2967263460159302,-42.52499771118164,1
552,125114,-124.0,124,0.05,0.3600769340991974,-40.38945770263672,1
553,125350,-236.0,236,0.05,0.3784640431404114,-44.84616470336914,1
554,125462,-112.0,112,0.05,0.8213521838188171,-48.22882843017578,1
555,125566,-104.0,104,0.05,0.3643435537815094,-43.452964782714844,1
556,125704,-138.0,138,0.05,0.14055827260017395,-44.999263763427734,1
557,125837,-133.0,133,0.05,0.1410486251115799,-44.985450744628906,1
558,126004,-167.0,167,0.05,0.7264471650123596,-44.28549575805664,1
559,126211,-207.0,207,0.05,0.11174285411834717,-45.39558029174805,1
560,126306,-95.0,95,0.05,0.30563512444496155,-45.22180938720703,1
561,126423,-117.0,117,0.05,0.15749555826187134,-45.03444290161133,1
562,126533,-110.0,110,0.05,0.23329710960388184,-47.099578857421875,1
563,126659,-126.0,126,0.05,0.2537226676940918,-43.162025451660156,1
564,126780,-121.0,121,0.05,0.33713996410369873,-47.52151107788086,1
565,126892,-112.0,112,0.05,0.05564048886299133,-46.42333984375,1
566,127013,-121.0,121,0.05,0.283821702003479,-44.86397933959961,1
567,127130,-117.0,117,0.05,0.23705771565437317,-45.74027633666992,1
568,127254,-124.0,124,0.05,0.24351543188095093,-40.84052276611328,1
569,127381,-127.0,127,0.05,0.1730513721704483,-43.69203186035156,1
570,127524,-143.0,143,0.05,0.3143090605735779,-45.15913391113281,1
571,127753,-229.0,229,0.05,1.3072577714920044,-44.18040466308594,1
572,127865,-112.0,112,0.05,0.47917768359184265,-44.36811065673828,1
573,127977,-112.0,112,0.05,0.1138908714056015,-45.39856719970703,1
574,128094,-117.0,117,0.05,0.34516602754592896,-42.88491439819336,1
575,128265,-171.0,171,0.05,0.27872955799102783,-47.31364059448242,1
576,128390,-125.0,125,0.05,0.27961429953575134,-40.37049865722656,1
577,128507,-117.0,117,0.05,0.4162577986717224,-42.9315185546875,1
578,128617,-110.0,110,0.05,0.2138957381248474,-39.81870651245117,1
579,128814,-197.0,197,0.05,0.1341792643070221,-42.70502471923828,1
580,129000,-186.0,186,0.05,0.14598678052425385,-43.889556884765625,1
581,129112,-112.0,112,0.05,0.49988508224487305,-42.796173095703125,1
582,129242,-130.0,130,0.05,0.8123548626899719,-46.97053909301758,1
583,129412,-170.0,170,0.05,0.2761737108230591,-45.42703628540039,1
584,129574,-162.0,162,0.05,0.17568886280059814,-44.115325927734375,1
585,129737,-163.0,163,0.05,0.7790800333023071,-45.10345458984375,1
586,129850,-113.0,113,0.05,0.5257083177566528,-42.97308349609375,1
587,129966,-116.0,116,0.05,0.2942492365837097,-43.18655014038086,1
588,130102,-136.0,136,0.05,0.1782381236553192,-42.667945861816406,1
589,130202,-100.0,100,0.05,0.5171351432800293,-40.135276794433594,1
590,130380,-178.0,178,0.05,0.19900913536548615,-47.866233825683594,1
591,130472,-92.0,92,0.05,0.3624747693538666,-46.8441162109375,1
592,130587,-115.0,115,0.05,0.3064956068992615,-45.232078552246094,1
593,130727,-140.0,140,0.05,0.1455070972442627,-45.680397033691406,1
594,130833,-106.0,106,0.05,0.5650171041488647,-42.3951416015625,1
595,131008,-175.0,175,0.05,0.18824368715286255,-43.96226501464844,1
596,131121,-113.0,113,0.05,0.15929803252220154,-42.38113021850586,1
597,131216,-95.0,95,0.05,0.14960062503814697,-44.554039001464844,1
598,131340,-124.0,124,0.05,0.5371372103691101,-40.46910858154297,1
599,131470,-130.0,130,0.05,0.4222685694694519,-41.964088439941406,1
600,131592,-122.0,122,0.05,0.16468718647956848,-40.01746368408203,1
601,131703,-111.0,111,0.05,0.25113800168037415,-38.516357421875,1
602,131816,-113.0,113,0.05,0.5347152948379517,-46.605804443359375,1
603,131912,-96.0,96,0.05,0.23850148916244507,-40.614219665527344,1
604,132026,-114.0,114,0.05,0.3955669701099396,-43.9993782043457,1
605,132141,-115.0,115,0.05,0.5125407576560974,-44.64638137817383,1
606,132249,-108.0,108,0.05,0.21887129545211792,-44.647560119628906,1
607,132367,-118.0,118,0.05,0.11361083388328552,-43.98316955566406,1
608,132477,-110.0,110,0.05,0.11179409176111221,-43.4279899597168,1
609,132589,-112.0,112,0.05,0.15172404050827026,-45.421958923339844,1
610,132703,-114.0,114,0.05,0.1811106950044632,-46.75367736816406,1
611,132814,-111.0,111,0.05,0.07189202308654785,-42.47810363769531,1
612,132948,-134.0,134,0.05,0.17418843507766724,-42.93010711669922,1
613,133062,-114.0,114,0.05,0.3493080735206604,-43.255821228027344,1
614,133175,-113.0,113,0.05,0.10726352035999298,-46.05469512939453,1
615,133288,-113.0,113,0.05,0.1813805103302002,-45.77435302734375,1
616,133404,-116.0,116,0.05,0.2930738925933838,-40.54829025268555,1
617,133523,-119.0,119,0.05,0.11253887414932251,-38.38170623779297,1
618,133655,-132.0,132,0.05,0.14502011239528656,-40.919334411621094,1
619,133769,-114.0,114,0.05,0.09725552797317505,-46.18898010253906,1
620,133877,-108.0,108,0.05,0.3513507843017578,-45.05115509033203,1
621,133991,-114.0,114,0.05,0.16328196227550507,-44.81391906738281,1
622,134102,-111.0,111,0.05,0.3245251178741455,-40.81664276123047,1
623,134218,-116.0,116,0.05,0.5416215062141418,-43.360862731933594,1
624,134327,-109.0,109,0.05,0.2915399372577667,-42.20765686035156,1
625,134434,-107.0,107,0.05,0.2432079017162323,-40.4995231628418,1
626,134554,-120.0,120,0.05,0.11108962446451187,-43.84227752685547,1
627,134649,-95.0,95,0.05,0.14902085065841675,-39.62221908569336,1
628,134773,-124.0,124,0.05,0.2920525074005127,-43.69390106201172,1
629,134888,-115.0,115,0.05,0.1225271224975586,-38.871124267578125,1
630,134980,-92.0,92,0.05,0.7414085865020752,-45.641944885253906,1
631,135091,-111.0,111,0.05,0.19411799311637878,-42.387229919433594,1
632,135214,-123.0,123,0.05,0.555908203125,-38.19395446777344,1
633,135325,-111.0,111,0.05,0.5022596716880798,-43.8778190612793,1
634,135441,-116.0,116,0.05,0.34547072649002075,-42.3651123046875,1
635,135557,-116.0,116,0.05,0.15974333882331848,-41.805931091308594,1
636,135671,-114.0,114,0.05,0.31316834688186646,-44.47719192504883,1
637,135783,-112.0,112,0.05,0.4836899936199188,-43.072959899902344,1
638,135906,-123.0,123,0.05,0.12198470532894135,-40.92969512939453,1
639,136018,-112.0,112,0.05,0.24671079218387604,-40.67002487182617,1
640,136131,-113.0,113,0.05,0.12937739491462708,-45.33184814453125,1
641,136234,-103.0,103,0.05,0.19950732588768005,-42.130218505859375,1
642,136344,-110.0,110,0.05,0.6870257258415222,-39.30906677246094,1
643,136440,-96.0,96,0.05,0.20538468658924103,-41.63664245605469,1
644,136546,-106.0,106,0.05,0.10638244450092316,-40.858001708984375,1
645,136662,-116.0,116,0.05,0.12198910117149353,-39.45781707763672,1
646,136776,-114.0,114,0.05,0.20312541723251343,-46.507293701171875,1
647,136888,-112.0,112,0.05,0.18019238114356995,-42.980377197265625,1
648,137010,-122.0,122,0.05,0.17395758628845215,-41.003604888916016,1
649,137118,-108.0,108,0.05,0.2100219428539276,-40.68674850463867,1
650,137229,-111.0,111,0.05,0.17380788922309875,-42.48147201538086,1
651,137329,-100.0,100,0.05,0.4353182315826416,-41.15726852416992,1
652,137437,-108.0,108,0.05,0.22445301711559296,-46.45348358154297,1
653,137530,-93.0,93,0.05,0.31396543979644775,-42.660247802734375,1
654,137625,-95.0,95,0.05,1.2519128322601318,-42.57298278808594,1
655,137736,-111.0,111,0.05,0.29874518513679504,-40.099266052246094,1
656,137854,-118.0,118,0.05,0.30711251497268677,-45.85887908935547,1
657,137963,-109.0,109,0.05,0.44894713163375854,-44.534820556640625,1
658,138077,-114.0,114,0.05,0.20143452286720276,-41.98979187011719,1
659,138164,-87.0,87,0.05,0.15587732195854187,-42.38532257080078,1
660,138278,-114.0,114,0.05,0.41004130244255066,-40.371925354003906,1
661,138386,-108.0,108,0.05,0.21570377051830292,-41.72578430175781,1
662,138497,-111.0,111,0.05,0.2949010729789734,-41.91435623168945,1
663,138608,-111.0,111,0.05,0.18729519844055176,-44.41639709472656,1
664,138716,-108.0,108,0.05,0.06900599598884583,-41.74620056152344,1
665,138822,-106.0,106,0.05,0.4989393353462219,-43.254173278808594,1
666,138927,-105.0,105,0.05,0.37759143114089966,-43.92300033569336,1
667,139038,-111.0,111,0.05,0.21291446685791016,-40.67070007324219,1
668,139149,-111.0,111,0.05,0.17602673172950745,-39.049442291259766,1
669,139239,-90.0,90,0.05,0.3564819097518921,-43.84899139404297,1
670,139348,-109.0,109,0.05,0.12222053110599518,-37.36863708496094,1
671,139438,-90.0,90,0.05,0.29555583000183105,-36.44562911987305,1
672,139554,-116.0,116,0.05,0.21562319993972778,-37.32292938232422,1
673,139667,-113.0,113,0.05,0.14874175190925598,-46.03276824951172,1
674,139780,-113.0,113,0.05,0.4014066457748413,-39.87580871582031,1
675,139891,-111.0,111,0.05,0.2522561848163605,-37.69624710083008,1
676,140008,-117.0,117,0.05,0.44329386949539185,-43.486412048339844,1
677,140116,-108.0,108,0.05,0.2612978219985962,-41.39082336425781,1
678,140227,-111.0,111,0.05,0.29802846908569336,-42.154380798339844,1
679,140335,-108.0,108,0.05,0.1833515167236328,-45.37364196777344,1
680,140447,-112.0,112,0.05,0.3940018117427826,-42.277252197265625,1
681,140553,-106.0,106,0.05,0.1295757293701172,-39.22990417480469,1
682,140664,-111.0,111,0.05,0.13588488101959229,-39.85916519165039,1
683,140784,-120.0,120,0.05,0.9328696131706238,-43.26285934448242,1
684,140895,-111.0,111,0.05,0.10422943532466888,-41.27509689331055,1
685,141012,-117.0,117,0.05,0.19406725466251373,-39.69563293457031,1
686,141100,-88.0,88,0.05,0.31609809398651123,-41.7867431640625,1
687,141196,-96.0,96,0.05,0.8008612394332886,-41.24178695678711,1
688,141306,-110.0,110,0.05,0.9957817792892456,-41.763301849365234,1
689,141421,-115.0,115,0.05,1.461334466934204,-37.995338439941406,1
690,141540,-119.0,119,0.05,0.1806357055902481,-40.919944763183594,1
691,141651,-111.0,111,0.05,0.23278112709522247,-39.600379943847656,1
692,141746,-95.0,95,0.05,0.2194390594959259,-43.9056510925293,1
693,141856,-110.0,110,0.05,0.25616922974586487,-44.288570404052734,1
694,141972,-116.0,116,0.05,0.20253293216228485,-42.835784912109375,1
695,142150,-178.0,178,0.05,0.41059932112693787,-41.30998992919922,1
696,142255,-105.0,105,0.05,0.20592018961906433,-40.17790603637695,1
697,142346,-91.0,91,0.05,0.1708710491657257,-38.07225799560547,1
698,142469,-123.0,123,0.05,0.27246811985969543,-37.70430374145508,1
699,142562,-93.0,93,0.05,0.11755486577749252,-41.07867431640625,1
700,142675,-113.0,113,0.05,0.47825998067855835,-38.81490707397461,1
701,142785,-110.0,110,0.05,0.09241435676813126,-43.04008102416992,1
702,142896,-111.0,111,0.05,0.2350350022315979,-38.67323303222656,1
703,143010,-114.0,114,0.05,0.450271874666214,-38.24506759643555,1
704,143130,-120.0,120,0.05,0.427390992641449,-40.323238372802734,1
705,143218,-88.0,88,0.05,0.1450493335723877,-40.134490966796875,1
706,143344,-126.0,126,0.05,0.15478917956352234,-45.956748962402344,1
707,143457,-113.0,113,0.05,0.25265172123908997,-39.55389404296875,1
708,143578,-121.0,121,0.05,0.21869617700576782,-37.632080078125,1
709,143670,-92.0,92,0.05,0.1446041762828827,-42.02428436279297,1
710,143779,-109.0,109,0.05,0.12664109468460083,-40.819732666015625,1
711,143878,-99.0,99,0.05,0.4104681611061096,-39.83216857910156,1
712,143999,-121.0,121,0.05,0.33121734857559204,-41.320594787597656,1
713,144088,-89.0,89,0.05,0.6213781237602234,-42.4640007019043,1
714,144260,-172.0,172,0.05,0.2341943085193634,-37.29913330078125,1
715,144367,-107.0,107,0.05,0.2168857455253601,-44.712371826171875,1
716,144464,-97.0,97,0.05,0.2604978680610657,-40.77274703979492,1
717,144635,-171.0,171,0.05,0.25901010632514954,-44.31895065307617,1
718,144748,-113.0,113,0.05,0.1354166567325592,-38.086761474609375,1
719,144860,-112.0,112,0.05,0.3105408549308777,-38.64241027832031,1
720,144975,-115.0,115,0.05,0.33017683029174805,-36.66123962402344,1
721,145086,-111.0,111,0.05,0.17721888422966003,-39.688262939453125,1
722,145203,-117.0,117,0.05,0.24590983986854553,-40.2449836730957,1
723,145314,-111.0,111,0.05,0.2511965036392212,-45.877601623535156,1
724,145414,-100.0,100,0.05,0.33631187677383423,-43.15393829345703,1
725,145506,-92.0,92,0.05,0.33279186487197876,-44.4055290222168,1
726,145619,-113.0,113,0.05,0.14671815931797028,-39.332366943359375,1
727,145725,-106.0,106,0.05,0.3901892304420471,-42.70854187011719,1
728,145840,-115.0,115,0.05,1.2325706481933594,-42.902008056640625,1
729,145933,-93.0,93,0.05,0.16687196493148804,-35.759613037109375,1
730,146039,-106.0,106,0.05,0.2969166040420532,-42.75531768798828,1
731,146153,-114.0,114,0.05,0.4209718406200409,-42.16661834716797,1
732,146265,-112.0,112,0.05,0.31812554597854614,-33.951725006103516,1
733,146352,-87.0,87,0.05,0.24636855721473694,-40.43379211425781,1
734,146459,-107.0,107,0.05,0.3761655390262604,-40.91957092285156,1
735,146550,-91.0,91,0.05,0.14208881556987762,-42.175254821777344,1
736,146665,-115.0,115,0.05,0.35829365253448486,-42.04060363769531,1
737,146776,-111.0,111,0.05,0.2512540817260742,-42.02241516113281,1
738,146877,-101.0,101,0.05,0.33985063433647156,-38.881675720214844,1
739,146986,-109.0,109,0.05,1.742658257484436,-39.983123779296875,1
740,147098,-112.0,112,0.05,0.19139999151229858,-43.21706771850586,1
741,147204,-106.0,106,0.05,0.7092482447624207,-41.607479095458984,1
742,147317,-113.0,113,0.05,0.26328110694885254,-42.06612777709961,1
743,147432,-115.0,115,0.05,0.20449258387088776,-44.24835205078125,1
744,147519,-87.0,87,0.05,0.5371314883232117,-42.84978485107422,1
745,147622,-103.0,103,0.05,0.9444805383682251,-42.71484375,1
746,147740,-118.0,118,0.05,0.11568360030651093,-39.84577178955078,1
747,147833,-93.0,93,0.05,0.0748835951089859,-38.0546875,1
748,147944,-111.0,111,0.05,0.2224384844303131,-41.46054458618164,1
749,148050,-106.0,106,0.05,0.21677669882774353,-40.21307373046875,1
750,148141,-91.0,91,0.05,0.1339823603630066,-36.948692321777344,1
751,148237,-96.0,96,0.05,0.14840056002140045,-43.80109405517578,1
752,148326,-89.0,89,0.05,0.48679596185684204,-40.99787139892578,1
753,148439,-113.0,113,0.05,0.5536261796951294,-43.563175201416016,1
754,148540,-101.0,101,0.05,0.1751881241798401,-45.85393524169922,1
755,148652,-112.0,112,0.05,0.49083974957466125,-41.217010498046875,1
756,148760,-108.0,108,0.05,0.18905186653137207,-38.27827072143555,1
757,148859,-99.0,99,0.05,0.9591517448425293,-42.21355056762695,1
758,148974,-115.0,115,0.05,0.24041610956192017,-40.404056549072266,1
759,149084,-110.0,110,0.05,0.16704516112804413,-40.529197692871094,1
760,149205,-121.0,121,0.05,1.0069212913513184,-38.09742736816406,1
761,149292,-87.0,87,0.05,0.15571068227291107,-40.19524383544922,1
762,149384,-92.0,92,0.05,0.2994837164878845,-42.459678649902344,1
763,149495,-111.0,111,0.05,0.24828512966632843,-39.690547943115234,1
764,149588,-93.0,93,0.05,0.5209733843803406,-38.59441375732422,1
765,149705,-117.0,117,0.05,0.170584037899971,-41.79448699951172,1
766,149793,-88.0,88,0.05,0.16046573221683502,-39.52656555175781,1
767,149899,-106.0,106,0.05,0.1919875591993332,-40.74936294555664,1
768,150022,-123.0,123,0.05,0,0,1
769,150133,-111.0,111,0.05,0,0,1
770,150246,-113.0,113,0.05,0,0,1
771,150357,-111.0,111,0.05,0,0,1
772,150531,-174.0,174,0.05,0,0,1
773,150645,-114.0,114,0.05,0,0,1
774,150757,-112.0,112,0.05,0,0,1
775,150863,-106.0,106,0.05,0,0,1
776,150986,-123.0,123,0.05,0,0,1
777,151108,-122.0,122,0.05,0.21497517824172974,-37.953369140625,1
778,151217,-109.0,109,0.05,0.3551996052265167,-44.05840301513672,1
779,151325,-108.0,108,0.05,0.252144455909729,-37.9725341796875,1
780,151444,-119.0,119,0.05,0.10114651918411255,-39.647586822509766,1
781,151617,-173.0,173,0.05,0.13846156001091003,-34.571815490722656,1
782,151728,-111.0,111,0.05,0.1768260896205902,-40.862518310546875,1
783,151832,-104.0,104,0.05,0.2594164311885834,-37.390892028808594,1
784,151944,-112.0,112,0.05,0.18737521767616272,-40.213661193847656,1
785,152036,-92.0,92,0.05,0.33109039068222046,-42.39657211303711,1
786,152148,-112.0,112,0.05,0.17202873528003693,-39.768226623535156,1
787,152254,-106.0,106,0.05,0.3921259343624115,-39.39894104003906,1
788,152364,-110.0,110,0.05,0.2791506350040436,-38.15746307373047,1
789,152449,-85.0,85,0.05,0.27125436067581177,-43.39732360839844,1
790,152559,-110.0,110,0.05,0.10067087411880493,-43.375579833984375,1
791,152677,-118.0,118,0.05,0.17003360390663147,-41.85929870605469,1
792,152787,-110.0,110,0.05,0.08623649179935455,-42.48220443725586,1
793,152897,-110.0,110,0.05,0.1926545798778534,-40.12787628173828,1
794,153005,-108.0,108,0.05,0.16229084134101868,-37.63577651977539,1
795,153113,-108.0,108,0.05,0.20987975597381592,-43.86712646484375,1
796,153221,-108.0,108,0.05,0.18109722435474396,-41.01200866699219,1
797,153331,-110.0,110,0.05,0.4047430753707886,-40.92279815673828,1
798,153418,-87.0,87,0.05,0.3525196611881256,-40.121700286865234,1
799,153597,-179.0,179,0.05,0.10610786825418472,-37.35954284667969,1
800,153707,-110.0,110,0.05,0.3263971507549286,-39.44652557373047,1
801,153824,-117.0,117,0.05,0.19439822435379028,-41.116607666015625,1
802,153935,-111.0,111,0.05,0.12377087771892548,-37.93852233886719,1
803,154038,-103.0,103,0.05,0.16156750917434692,-38.63028335571289,1
804,154174,-136.0,136,0.05,0.49970299005508423,-36.81414031982422,1
805,154302,-128.0,128,0.05,0.31939077377319336,-42.68458557128906,1
806,154418,-116.0,116,0.05,0.12886729836463928,-38.481101989746094,1
807,154539,-121.0,121,0.05,0.1806708574295044,-41.31111145019531,1
808,154645,-106.0,106,0.05,0.28192752599716187,-37.69926452636719,1
809,154772,-127.0,127,0.05,0.18375103175640106,-37.70478439331055,1
810,154877,-105.0,105,0.05,0.43825244903564453,-38.56715393066406,1
811,154979,-102.0,102,0.05,0.20971587300300598,-38.80434036254883,1
812,155091,-112.0,112,0.05,0.17537349462509155,-35.399261474609375,1
813,155215,-124.0,124,0.05,0.3322780430316925,-40.20112609863281,1
814,155327,-112.0,112,0.05,0.31958338618278503,-40.40159606933594,1
815,155438,-111.0,111,0.05,0.1233849823474884,-40.81415557861328,1
816,155532,-94.0,94,0.05,0.20007050037384033,-40.344478607177734,1
817,155645,-113.0,113,0.05,0.18656103312969208,-39.786285400390625,1
818,155734,-89.0,89,0.05,0.34297943115234375,-43.779056549072266,1
819,155855,-121.0,121,0.05,0.18354278802871704,-36.72382354736328,1
820,155963,-108.0,108,0.05,0.1520443856716156,-42.5987663269043,1
821,156079,-116.0,116,0.05,0.13962136209011078,-40.58442687988281,1
822,156171,-92.0,92,0.05,0.34107503294944763,-38.080135345458984,1
823,156275,-104.0,104,0.05,0.41969379782676697,-43.7635498046875,1
824,156385,-110.0,110,0.05,1.7312300205230713,-39.04332733154297,1
825,156506,-121.0,121,0.05,0.4999096095561981,-39.70758819580078,1
826,156623,-117.0,117,0.05,0.21061702072620392,-37.62758255004883,1
827,156722,-99.0,99,0.05,0.30538856983184814,-36.60908889770508,1
828,156836,-114.0,114,0.05,0.29092708230018616,-40.62462615966797,1
829,156932,-96.0,96,0.05,0.14208149909973145,-40.979888916015625,1
830,157028,-96.0,96,0.05,0.32222607731819153,-38.23503112792969,1
831,157144,-116.0,116,0.05,0.10315749049186707,-42.164024353027344,1
832,157257,-113.0,113,0.05,0.28313592076301575,-35.581199645996094,1
833,157379,-122.0,122,0.05,0.18236230313777924,-38.79861831665039,1
834,157481,-102.0,102,0.05,0.1156468465924263,-42.795318603515625,1
835,157599,-118.0,118,0.05,0.18680807948112488,-35.429832458496094,1
836,157706,-107.0,107,0.05,0.20915791392326355,-34.64326477050781,1
837,157821,-115.0,115,0.05,0.2566881775856018,-38.218101501464844,1
838,157920,-99.0,99,0.05,0.17784638702869415,-41.600486755371094,1
839,158034,-114.0,114,0.05,0.602506697177887,-39.925113677978516,1
840,158148,-114.0,114,0.05,0.3674265146255493,-38.328765869140625,1
841,158256,-108.0,108,0.05,0.13846659660339355,-35.21675109863281,1
842,158363,-107.0,107,0.05,0.1596555858850479,-39.632328033447266,1
843,158473,-110.0,110,0.05,0.14946448802947998,-36.92533874511719,1
844,158562,-89.0,89,0.05,0.21873459219932556,-40.15876007080078,1
845,158655,-93.0,93,0.05,0.7319626808166504,-41.64165496826172,1
846,158763,-108.0,108,0.05,0.2394036501646042,-37.97053527832031,1
847,158871,-108.0,108,0.05,0.5229616165161133,-33.24304962158203,1
848,158969,-98.0,98,0.05,0.16726282238960266,-37.447383880615234,1
849,159079,-110.0,110,0.05,0.1538507044315338,-38.51389694213867,1
850,159183,-104.0,104,0.05,0.15736797451972961,-41.60426712036133,1
851,159295,-112.0,112,0.05,0.2932800054550171,-42.08027648925781,1
852,159406,-111.0,111,0.05,0.0938602089881897,-38.314598083496094,1
853,159494,-88.0,88,0.05,0.23193132877349854,-34.60532760620117,1
854,159603,-109.0,109,0.05,0.0993022471666336,-38.53617858886719,1
855,159707,-104.0,104,0.05,0.21476884186267853,-38.07836151123047,1
856,159813,-106.0,106,0.05,0.3832462728023529,-39.44691467285156,1
857,159928,-115.0,115,0.05,0.26270973682403564,-41.21335220336914,1
858,160034,-106.0,106,0.05,0.19798167049884796,-38.19596862792969,1
859,160141,-107.0,107,0.05,0.1378839761018753,-37.16326904296875,1
860,160248,-107.0,107,0.05,0.19279977679252625,-41.58311080932617,1
861,160353,-105.0,105,0.05,0.24535974860191345,-39.75535583496094,1
862,160462,-109.0,109,0.05,0.14536356925964355,-36.3181266784668,1
863,160549,-87.0,87,0.05,0.15350215137004852,-39.197959899902344,1
864,160643,-94.0,94,0.05,0.13742782175540924,-39.04454040527344,1
865,160758,-115.0,115,0.05,0.581558346748352,-35.394020080566406,1
866,160867,-109.0,109,0.05,0.15235532820224762,-41.93043518066406,1
867,160974,-107.0,107,0.05,0.194659024477005,-39.101951599121094,1
868,161141,-167.0,167,0.05,0.07897001504898071,-37.43598937988281,1
869,161234,-93.0,93,0.05,0.19085422158241272,-35.75102233886719,1
870,161406,-172.0,172,0.05,0.16495449841022491,-40.58824157714844,1
871,161514,-108.0,108,0.05,0.19971656799316406,-37.05036926269531,1
872,161625,-111.0,111,0.05,0.10361039638519287,-36.448883056640625,1
873,161732,-107.0,107,0.05,0.23898568749427795,-38.73332977294922,1
874,161844,-112.0,112,0.05,0.10790099948644638,-40.405616760253906,1
875,161932,-88.0,88,0.05,0.32464736700057983,-42.08409881591797,1
876,162025,-93.0,93,0.05,0.081076979637146,-40.540382385253906,1
877,162131,-106.0,106,0.05,0.23613959550857544,-40.97808837890625,1
878,162236,-105.0,105,0.05,0.9040306210517883,-41.142608642578125,1
879,162359,-123.0,123,0.05,0.15683841705322266,-40.406646728515625,1
880,162547,-188.0,188,0.05,0.16047078371047974,-38.02777862548828,1
881,162660,-113.0,113,0.05,0.09934617578983307,-37.689605712890625,1
882,162753,-93.0,93,0.05,0.14706560969352722,-39.134422302246094,1
883,162866,-113.0,113,0.05,0.48479604721069336,-40.12732696533203,1
884,162982,-116.0,116,0.05,0.10210415720939636,-39.96096420288086,1
885,163089,-107.0,107,0.05,0.14667737483978271,-37.438140869140625,1
886,163203,-114.0,114,0.05,0.5482607483863831,-36.0445556640625,1
887,163316,-113.0,113,0.05,0.49711692333221436,-36.23386001586914,1
888,163468,-152.0,152,0.05,0.1519942581653595,-35.321067810058594,1
889,163572,-104.0,104,0.05,0.23433852195739746,-40.9244270324707,1
890,163679,-107.0,107,0.05,0.14261919260025024,-37.38921356201172,1
891,163793,-114.0,114,0.05,0.3170129656791687,-41.204261779785156,1
892,163901,-108.0,108,0.05,0.1499512642621994,-40.282859802246094,1
893,164019,-118.0,118,0.05,0.25514551997184753,-37.2078857421875,1
894,164144,-125.0,125,0.05,0.14327143132686615,-39.954620361328125,1
895,164256,-112.0,112,0.05,0.41801488399505615,-40.807464599609375,1
896,164366,-110.0,110,0.05,0.15454772114753723,-39.519676208496094,1
897,164472,-106.0,106,0.05,0.20173919200897217,-39.940704345703125,1
898,164586,-114.0,114,0.05,0.3944808840751648,-35.50355911254883,1
899,164678,-92.0,92,0.05,0.328705757856369,-40.09465408325195,1
900,164786,-108.0,108,0.05,0.42354243993759155,-40.033729553222656,1
901,164873,-87.0,87,0.05,0.15644757449626923,-41.191444396972656,1
902,164978,-105.0,105,0.05,0.28851842880249023,-42.52323532104492,1
903,165085,-107.0,107,0.05,0.10545087605714798,-36.14760971069336,1
904,165202,-117.0,117,0.05,0.15147069096565247,-36.85637283325195,1
905,165312,-110.0,110,0.05,0.43147188425064087,-38.81156921386719,1
906,165418,-106.0,106,0.05,0.08153831213712692,-37.38018798828125,1
907,165525,-107.0,107,0.05,0.35643985867500305,-36.973594665527344,1
908,165634,-109.0,109,0.05,0.09538115561008453,-36.02798843383789,1
909,165723,-89.0,89,0.05,0.1547972559928894,-36.9011116027832,1
910,165830,-107.0,107,0.05,0.0861518383026123,-35.9027099609375,1
911,165919,-89.0,89,0.05,0.17187359929084778,-32.967201232910156,1
912,166032,-113.0,113,0.05,0.15720859169960022,-39.9736442565918,1
913,166145,-113.0,113,0.05,0.2383076250553131,-35.68168640136719,1
914,166255,-110.0,110,0.05,0.09127160161733627,-41.720096588134766,1
915,166366,-111.0,111,0.05,0.25940415263175964,-32.75251388549805,1
916,166480,-114.0,114,0.05,0.253786563873291,-35.46216583251953,1
917,166595,-115.0,115,0.05,0.20332609117031097,-40.92115783691406,1
918,166710,-115.0,115,0.05,0.25799882411956787,-37.09397888183594,1
919,166827,-117.0,117,0.05,0.3649140000343323,-39.50331115722656,1
920,166956,-129.0,129,0.05,0.11410248279571533,-38.87555694580078,1
921,167064,-108.0,108,0.05,0.1489868313074112,-40.95228576660156,1
922,167179,-115.0,115,0.05,0.15237128734588623,-35.05757141113281,1
923,167291,-112.0,112,0.05,0.1553993970155716,-36.74580383300781,1
924,167402,-111.0,111,0.05,0.23876352608203888,-32.63822937011719,1
925,167511,-109.0,109,0.05,0.060561563819646835,-40.087711334228516,1
926,167602,-91.0,91,0.05,0.19422473013401031,-42.05078125,1
927,167720,-118.0,118,0.05,0.2768137454986572,-37.72990417480469,1
928,167827,-107.0,107,0.05,0.12405834347009659,-36.60540771484375,1
929,167937,-110.0,110,0.05,0.3483720123767853,-37.61779022216797,1
930,168040,-103.0,103,0.05,0.1656203269958496,-35.587799072265625,1
931,168153,-113.0,113,0.05,0.1546029895544052,-34.98686218261719,1
932,168260,-107.0,107,0.05,0.11800586432218552,-38.52503204345703,1
933,168371,-111.0,111,0.05,0.16295650601387024,-35.40501022338867,1
934,168502,-131.0,131,0.05,0.10352185368537903,-40.813697814941406,1
935,168612,-110.0,110,0.05,0.3278324007987976,-36.51277160644531,1
936,168721,-109.0,109,0.05,0.09607845544815063,-33.60090255737305,1
937,168839,-118.0,118,0.05,0.04356154799461365,-35.845703125,1
938,168966,-127.0,127,0.05,0.11305554956197739,-39.02265167236328,1
939,169079,-113.0,113,0.05,0.1835576891899109,-37.81536865234375,1
940,169184,-105.0,105,0.05,0.12059926986694336,-37.921539306640625,1
941,169295,-111.0,111,0.05,0.3192831873893738,-38.16259002685547,1
942,169401,-106.0,106,0.05,0.15531304478645325,-36.314308166503906,1
943,169499,-98.0,98,0.05,0.08598899841308594,-37.03727722167969,1
944,169613,-114.0,114,0.05,0.08823470026254654,-40.467830657958984,1
945,169717,-104.0,104,0.05,0.11771216988563538,-37.50120162963867,1
946,169822,-105.0,105,0.05,0.11706141382455826,-37.88505554199219,1
947,169939,-117.0,117,0.05,0.3405090570449829,-37.92451858520508,1
948,170047,-108.0,108,0.05,0.11447678506374359,-39.99285888671875,1
949,170145,-98.0,98,0.05,0.15237508714199066,-36.13067626953125,1
950,170261,-116.0,116,0.05,0.41338396072387695,-38.90130615234375,1
951,170374,-113.0,113,0.05,0.16972070932388306,-38.74546432495117,1
952,170482,-108.0,108,0.05,0.06282611191272736,-37.033809661865234,1
953,170588,-106.0,106,0.05,0.9031308889389038,-37.73451232910156,1
954,170694,-106.0,106,0.05,0.12118072062730789,-37.863555908203125,1
955,170801,-107.0,107,0.05,0.1366896629333496,-39.341453552246094,1
956,170915,-114.0,114,0.05,0.17890122532844543,-37.59091567993164,1
957,171000,-85.0,85,0.05,0.13802587985992432,-36.84577941894531,1
958,171111,-111.0,111,0.05,0.12100884318351746,-41.27901840209961,1
959,171222,-111.0,111,0.05,0.2559373378753662,-39.81449890136719,1
960,171337,-115.0,115,0.05,0.09970484673976898,-37.30195999145508,1
961,171519,-182.0,182,0.05,0.1275486946105957,-36.327247619628906,1
962,171626,-107.0,107,0.05,0.4616730809211731,-35.44823455810547,1
963,171737,-111.0,111,0.05,0.05963260307908058,-38.18074035644531,1
964,171839,-102.0,102,0.05,0.23320338129997253,-37.371307373046875,1
965,171947,-108.0,108,0.05,0.16553574800491333,-34.137943267822266,1
966,172060,-113.0,113,0.05,0.09874258190393448,-37.63605880737305,1
967,172170,-110.0,110,0.05,0.12637129426002502,-39.63924789428711,1
968,172274,-104.0,104,0.05,2.36422061920166,-38.87071990966797,1
969,172380,-106.0,106,0.05,0.4584217071533203,-38.279205322265625,1
970,172495,-115.0,115,0.05,0.11502929031848907,-37.47508239746094,1
971,172608,-113.0,113,0.05,0.0985606238245964,-36.40380096435547,1
972,172709,-101.0,101,0.05,0.18788081407546997,-38.05101776123047,1
973,172812,-103.0,103,0.05,0.08689165115356445,-35.43584060668945,1
974,172922,-110.0,110,0.05,0.10150709748268127,-38.644927978515625,1
975,173026,-104.0,104,0.05,0.22693303227424622,-36.83599090576172,1
976,173113,-87.0,87,0.05,0.6930955052375793,-40.86042785644531,1
977,173233,-120.0,120,0.05,0.12474538385868073,-38.37940979003906,1
978,173337,-104.0,104,0.05,0.16102583706378937,-37.46434020996094,1
979,173427,-90.0,90,0.05,0.4140302240848541,-36.81448745727539,1
980,173524,-97.0,97,0.05,0.20904792845249176,-37.02913284301758,1
981,173612,-88.0,88,0.05,0.06349334120750427,-35.99555969238281,1
982,173728,-116.0,116,0.05,0.08070811629295349,-38.51717758178711,1
983,173848,-120.0,120,0.05,0.11366108059883118,-34.960941314697266,1
984,173961,-113.0,113,0.05,0.10162054747343063,-38.38976287841797,1
985,174070,-109.0,109,0.05,0.06668148934841156,-40.18141555786133,1
986,174191,-121.0,121,0.05,0.1353665292263031,-38.68017578125,1
987,174299,-108.0,108,0.05,0.12000831961631775,-37.70612716674805,1
988,174399,-100.0,100,0.05,0.11772603541612625,-35.550819396972656,1
989,174502,-103.0,103,0.05,0.07676734775304794,-35.61176300048828,1
990,174619,-117.0,117,0.05,0.1255064606666565,-38.053592681884766,1
991,174728,-109.0,109,0.05,0.11363707482814789,-36.61330032348633,1
992,174843,-115.0,115,0.05,0.15229856967926025,-35.42873764038086,1
993,174949,-106.0,106,0.05,0.050380680710077286,-36.184627532958984,1
994,175040,-91.0,91,0.05,0.20003560185432434,-40.40119934082031,1
995,175155,-115.0,115,0.05,0.06798205524682999,-35.992740631103516,1
996,175263,-108.0,108,0.05,0.23969385027885437,-38.53443145751953,1
997,175394,-131.0,131,0.05,0.14662620425224304,-39.77094268798828,1
998,175513,-119.0,119,0.05,0.15960130095481873,-37.889930725097656,1
999,175629,-116.0,116,0.05,0.10462640970945358,-36.92699432373047,1
1000,175733,-104.0,104,0.05,0.8099671602249146,-39.51179885864258,1
1001,175854,-121.0,121,0.05,0.10478885471820831,-33.44940948486328,1
1002,175963,-109.0,109,0.05,0.11176680773496628,-38.40514373779297,1
1003,176073,-110.0,110,0.05,0.20547780394554138,-36.5677490234375,1
1004,176164,-91.0,91,0.05,0.08392198383808136,-35.57374572753906,1
1005,176288,-124.0,124,0.05,0.20998555421829224,-37.94450378417969,1
1006,176400,-112.0,112,0.05,0.28683754801750183,-40.091548919677734,1
1007,176519,-119.0,119,0.05,0.09958162158727646,-38.41956329345703,1
1008,176636,-117.0,117,0.05,0.269895076751709,-34.805397033691406,1
1009,176747,-111.0,111,0.05,0.26722201704978943,-37.653106689453125,1
1010,176865,-118.0,118,0.05,0.07267643511295319,-35.73284149169922,1
1011,176974,-109.0,109,0.05,0.11308592557907104,-35.988494873046875,1
1012,177086,-112.0,112,0.05,0.10204597562551498,-37.0870246887207,1
1013,177201,-115.0,115,0.05,0.1129828542470932,-38.43146514892578,1
1014,177306,-105.0,105,0.05,0.3011545240879059,-37.38861846923828,1
1015,177425,-119.0,119,0.05,0.14307528734207153,-37.293521881103516,1
1016,177538,-113.0,113,0.05,1.0815733671188354,-37.337890625,1
1017,177625,-87.0,87,0.05,0.10133421421051025,-39.298614501953125,1
1018,177742,-117.0,117,0.05,0.10482805967330933,-37.884830474853516,1
1019,177849,-107.0,107,0.05,0.08722251653671265,-39.628746032714844,1
1020,177958,-109.0,109,0.05,0.7892740964889526,-40.131248474121094,1
1021,178076,-118.0,118,0.05,0.1352756917476654,-37.834930419921875,1
1022,178170,-94.0,94,0.05,0.05685722082853317,-37.71833038330078,1
1023,178283,-113.0,113,0.05,0.08553268760442734,-38.96638870239258,1
1024,178393,-110.0,110,0.05,0.0608443021774292,-35.26612854003906,1
1025,178506,-113.0,113,0.05,0.20566758513450623,-37.186798095703125,1
1026,178615,-109.0,109,0.05,0.23306095600128174,-39.52674102783203,1
1027,178721,-106.0,106,0.05,0.17426685988903046,-38.94313049316406,1
1028,178830,-109.0,109,0.05,0.02870013937354088,-36.072784423828125,1
1029,178944,-114.0,114,0.05,0.03634164482355118,-35.72306823730469,1
1030,179059,-115.0,115,0.05,0.04492223635315895,-39.17604064941406,1
1031,179145,-86.0,86,0.05,0.047692716121673584,-40.619056701660156,1
1032,179252,-107.0,107,0.05,0.0621369406580925,-33.2235107421875,1
1033,179364,-112.0,112,0.05,0.16369888186454773,-39.63157272338867,1
1034,179471,-107.0,107,0.05,0.09772952646017075,-38.37358093261719,1
1035,179584,-113.0,113,0.05,0.03066568449139595,-40.59001922607422,1
1036,179693,-109.0,109,0.05,0.14439216256141663,-40.70331573486328,1
1037,179784,-91.0,91,0.05,0.1242377907037735,-33.62800598144531,1
1038,179896,-112.0,112,0.05,0.05846083164215088,-37.26667022705078,1
1039,180012,-116.0,116,0.05,0.19537010788917542,-35.85606384277344,1
1040,180122,-110.0,110,0.05,0.03586200997233391,-36.11988830566406,1
1041,180233,-111.0,111,0.05,0.0532185323536396,-33.813297271728516,1
1042,180350,-117.0,117,0.05,0.13045644760131836,-36.892120361328125,1
1043,180461,-111.0,111,0.05,0.0727216824889183,-34.00739288330078,1
1044,180655,-194.0,194,0.05,0.1531217098236084,-37.86503601074219,1
1045,180771,-116.0,116,0.05,0.06989191472530365,-36.81792068481445,1
1046,180881,-110.0,110,0.05,0.10429969429969788,-33.50446319580078,1
1047,180991,-110.0,110,0.05,0.04010714963078499,-34.991737365722656,1
1048,181101,-110.0,110,0.05,0.16102127730846405,-37.430206298828125,1
1049,181212,-111.0,111,0.05,0.12420029938220978,-35.08568572998047,1
1050,181320,-108.0,108,0.05,0.11742034554481506,-30.980079650878906,1
1051,181430,-110.0,110,0.05,0.061939552426338196,-38.961334228515625,1
1052,181518,-88.0,88,0.05,0.08902841061353683,-37.14653396606445,1
1053,181638,-120.0,120,0.05,0.15674684941768646,-34.946739196777344,1
1054,181731,-93.0,93,0.05,0.1656048446893692,-37.65895080566406,1
1055,181843,-112.0,112,0.05,0.08397822082042694,-37.35096740722656,1
1056,181932,-89.0,89,0.05,0.0750623494386673,-35.39369583129883,1
1057,182042,-110.0,110,0.05,0.17675040662288666,-35.821590423583984,1
1058,182209,-167.0,167,0.05,0.28004568815231323,-38.8931770324707,1
1059,182338,-129.0,129,0.05,0.051685042679309845,-32.06696319580078,1
1060,182445,-107.0,107,0.05,0.14063408970832825,-36.09638214111328,1
1061,182538,-93.0,93,0.05,0.030892470851540565,-40.00117874145508,1
1062,182644,-106.0,106,0.05,0.24169304966926575,-39.52994155883789,1
1063,182730,-86.0,86,0.05,0.1238609179854393,-38.99681854248047,1
1064,182829,-99.0,99,0.05,0.32656440138816833,-39.156097412109375,1
1065,182924,-95.0,95,0.05,0.07968874275684357,-37.918556213378906,1
1066,183032,-108.0,108,0.05,0.05811561271548271,-34.005279541015625,1
1067,183127,-95.0,95,0.05,0.3699580132961273,-35.86750030517578,1
1068,183240,-113.0,113,0.05,0.09850358963012695,-36.39738845825195,1
1069,183346,-106.0,106,0.05,0.17304477095603943,-37.51274871826172,1
1070,183444,-98.0,98,0.05,0.07194721698760986,-37.70018005371094,1
1071,183544,-100.0,100,0.05,0.11146523058414459,-38.281734466552734,1
1072,183652,-108.0,108,0.05,0.07454285025596619,-35.80792236328125,1
1073,183739,-87.0,87,0.05,0.12195764482021332,-35.180999755859375,1
1074,183846,-107.0,107,0.05,0.15035513043403625,-38.062522888183594,1
1075,183950,-104.0,104,0.05,0.13750483095645905,-37.242332458496094,1
1076,184058,-108.0,108,0.05,0.08969195187091827,-36.37869644165039,1
1077,184166,-108.0,108,0.05,0.1243472695350647,-36.30567169189453,1
1078,184260,-94.0,94,0.05,0.13609454035758972,-39.14637756347656,1
1079,184363,-103.0,103,0.05,0.09733550250530243,-39.3154296875,1
1080,184474,-111.0,111,0.05,0.13085341453552246,-32.630348205566406,1
1081,184580,-106.0,106,0.05,0.21610791981220245,-35.9918212890625,1
1082,184675,-95.0,95,0.05,0.31600695848464966,-34.50660705566406,1
1083,184784,-109.0,109,0.05,0.1190803050994873,-38.1304931640625,1
1084,184894,-110.0,110,0.05,0.09920317679643631,-34.00629806518555,1
1085,185021,-127.0,127,0.05,0.1470770239830017,-38.03550720214844,1
1086,185189,-168.0,168,0.05,0.07161114364862442,-38.276153564453125,1
1087,185297,-108.0,108,0.05,0.05705411359667778,-40.58214569091797,1
1088,185389,-92.0,92,0.05,0.11873434484004974,-37.81776428222656,1
1089,185497,-108.0,108,0.05,0.16925452649593353,-38.220558166503906,1
1090,185672,-175.0,175,0.05,0.1530545949935913,-34.03189468383789,1
1091,185786,-114.0,114,0.05,0.4474974572658539,-38.14549255371094,1
1092,185946,-160.0,160,0.05,0.10772785544395447,-38.65985870361328,1
1093,186056,-110.0,110,0.05,0.0996464416384697,-38.285457611083984,1
1094,186171,-115.0,115,0.05,0.17290908098220825,-38.726505279541016,1
1095,186283,-112.0,112,0.05,0.17591075599193573,-33.91548156738281,1
1096,186405,-122.0,122,0.05,0.06512309610843658,-36.127197265625,1
1097,186515,-110.0,110,0.05,0.02997925505042076,-37.56662368774414,1
1098,186636,-121.0,121,0.05,0.0795205682516098,-36.19329833984375,1
1099,186751,-115.0,115,0.05,0.03440788388252258,-39.961360931396484,1
1100,186862,-111.0,111,0.05,0.08988822996616364,-34.513912200927734,1
1101,186973,-111.0,111,0.05,0.12012740224599838,-34.156898498535156,1
1102,187084,-111.0,111,0.05,0.11075204610824585,-37.728729248046875,1
1103,187179,-95.0,95,0.05,0.034353915601968765,-36.954612731933594,1
1104,187285,-106.0,106,0.05,0.052406832575798035,-31.89682388305664,1
1105,187392,-107.0,107,0.05,0.6912881135940552,-39.79938507080078,1
1106,187498,-106.0,106,0.05,0.05385524034500122,-37.955284118652344,1
1107,187611,-113.0,113,0.05,0.04669386148452759,-36.493553161621094,1
1108,187719,-108.0,108,0.05,0.12218686938285828,-35.584774017333984,1
1109,187812,-93.0,93,0.05,0.12091304361820221,-41.94390869140625,1
1110,187919,-107.0,107,0.05,0.026297152042388916,-37.406768798828125,1
1111,188009,-90.0,90,0.05,0.10313419997692108,-39.92824172973633,1
1112,188114,-105.0,105,0.05,0.0916396826505661,-38.67767333984375,1
1113,188232,-118.0,118,0.05,0.02468394860625267,-39.24440383911133,1
1114,188347,-115.0,115,0.05,0.1672973334789276,-39.231964111328125,1
1115,188458,-111.0,111,0.05,0.041778482496738434,-38.74580764770508,1
1116,188570,-112.0,112,0.05,0.0759730413556099,-40.68735885620117,1
1117,188680,-110.0,110,0.05,0.1236184686422348,-39.404151916503906,1
1118,188847,-167.0,167,0.05,0.14655956625938416,-40.60120391845703,1
1119,188953,-106.0,106,0.05,0.06580005586147308,-36.155487060546875,1
1120,189068,-115.0,115,0.05,0.1871674358844757,-38.29282760620117,1
1121,189176,-108.0,108,0.05,0.09431874752044678,-37.7783203125,1
1122,189275,-99.0,99,0.05,0.08984790742397308,-34.69050979614258,1
1123,189377,-102.0,102,0.05,0.0793074369430542,-36.275917053222656,1
1124,189481,-104.0,104,0.05,0.5305100083351135,-42.81512451171875,1
1125,189582,-101.0,101,0.05,0.06111595034599304,-37.067813873291016,1
1126,189688,-106.0,106,0.05,0.19439417123794556,-34.402137756347656,1
1127,189800,-112.0,112,0.05,0.15107044577598572,-36.90157699584961,1
1128,189892,-92.0,92,0.05,0.06251581013202667,-37.329524993896484,1
1129,190003,-111.0,111,0.05,0.07618127763271332,-33.89952850341797,1
1130,190110,-107.0,107,0.05,0.2937149107456207,-33.57826614379883,1
1131,190197,-87.0,87,0.05,0.09065370261669159,-34.51987838745117,1
1132,190306,-109.0,109,0.05,0.0720859095454216,-33.626220703125,1
1133,190492,-186.0,186,0.05,0.04341840744018555,-40.06932830810547,1
1134,190601,-109.0,109,0.05,0.04480162262916565,-36.01456832885742,1
1135,190711,-110.0,110,0.05,0.19591708481311798,-37.117618560791016,1
1136,190823,-112.0,112,0.05,0.16473686695098877,-36.853187561035156,1
1137,190914,-91.0,91,0.05,0.03626321256160736,-37.3623046875,1
1138,191002,-88.0,88,0.05,0.12501943111419678,-37.326171875,1
1139,191112,-110.0,110,0.05,0.11597030609846115,-36.787086486816406,1
1140,191224,-112.0,112,0.05,0.09174231439828873,-33.11962127685547,1
1141,191313,-89.0,89,0.05,0.13886277377605438,-38.869468688964844,1
1142,191425,-112.0,112,0.05,0.032744333148002625,-39.070335388183594,1
1143,191517,-92.0,92,0.05,0.3273378312587738,-36.4516716003418,1
1144,191612,-95.0,95,0.05,0.055777691304683685,-34.43320083618164,1
1145,191733,-121.0,121,0.05,0.06206037104129791,-35.54294967651367,1
1146,191846,-113.0,113,0.05,0.13261714577674866,-38.872440338134766,1
1147,191962,-116.0,116,0.05,0.07635101675987244,-35.571929931640625,1
1148,192061,-99.0,99,0.05,0.13292661309242249,-35.703819274902344,1
1149,192169,-108.0,108,0.05,0.042986053973436356,-37.159759521484375,1
1150,192279,-110.0,110,0.05,0.4594601094722748,-37.18655776977539,1
1151,192387,-108.0,108,0.05,0.10469328612089157,-37.76139450073242,1
1152,192505,-118.0,118,0.05,0.04935603588819504,-36.9805908203125,1
1153,192614,-109.0,109,0.05,0.15092182159423828,-34.742347717285156,1
1154,192736,-122.0,122,0.05,0.05279212072491646,-36.7377815246582,1
1155,192849,-113.0,113,0.05,0.060565970838069916,-36.98387908935547,1
1156,192960,-111.0,111,0.05,0.13965383172035217,-35.268157958984375,1
1157,193068,-108.0,108,0.05,0.5515909194946289,-38.1274528503418,1
1158,193184,-116.0,116,0.05,0.22563304007053375,-36.9171142578125,1
1159,193291,-107.0,107,0.05,0.04306051880121231,-35.637611389160156,1
1160,193381,-90.0,90,0.05,0.09832639247179031,-38.482322692871094,1
1161,193491,-110.0,110,0.05,0.13067156076431274,-36.04767608642578,1
1162,193598,-107.0,107,0.05,0.2943762242794037,-35.74403381347656,1
1163,193692,-94.0,94,0.05,0.042964957654476166,-35.98398208618164,1
1164,193798,-106.0,106,0.05,0.062380578368902206,-38.0981330871582,1
1165,193906,-108.0,108,0.05,0.28409355878829956,-40.01270294189453,1
1166,194069,-163.0,163,0.05,1.6761744022369385,-38.416717529296875,1
1167,194192,-123.0,123,0.05,0.04143194854259491,-33.907894134521484,1
1168,194312,-120.0,120,0.05,0.09160978347063065,-38.09385299682617,1
1169,194420,-108.0,108,0.05,0.12240582704544067,-40.418609619140625,1
1170,194523,-103.0,103,0.05,0.07158548384904861,-35.529815673828125,1
1171,194621,-98.0,98,0.05,0.06616557389497757,-35.16262435913086,1
1172,194718,-97.0,97,0.05,0.14589308202266693,-37.960689544677734,1
1173,194829,-111.0,111,0.05,0.06707727909088135,-37.981571197509766,1
1174,194936,-107.0,107,0.05,0.03769683837890625,-37.11308288574219,1
1175,195040,-104.0,104,0.05,0.08106982707977295,-38.986236572265625,1
1176,195159,-119.0,119,0.05,0.07265112549066544,-35.09052658081055,1
1177,195271,-112.0,112,0.05,0.06584655493497849,-37.33309555053711,1
1178,195379,-108.0,108,0.05,0.24041056632995605,-35.667457580566406,1
1179,195483,-104.0,104,0.05,0.4702162742614746,-38.41796875,1
1180,195598,-115.0,115,0.05,0.05602455139160156,-35.163612365722656,1
1181,195711,-113.0,113,0.05,0.036331020295619965,-34.13832092285156,1
1182,195826,-115.0,115,0.05,0.06487105786800385,-36.77179718017578,1
1183,195921,-95.0,95,0.05,0.04491313919425011,-37.36610412597656,1
1184,196032,-111.0,111,0.05,0.1626213639974594,-41.498985290527344,1
1185,196127,-95.0,95,0.05,0.20101609826087952,-35.92558288574219,1
1186,196235,-108.0,108,0.05,0.03146108239889145,-35.08888244628906,1
1187,196349,-114.0,114,0.05,0.05344143509864807,-35.92249298095703,1
1188,196443,-94.0,94,0.05,0.08223545551300049,-36.45619583129883,1
1189,196558,-115.0,115,0.05,0.5888772010803223,-34.82038879394531,1
1190,196668,-110.0,110,0.05,0.47664159536361694,-36.480934143066406,1
1191,196783,-115.0,115,0.05,0.03822333738207817,-37.40911865234375,1
1192,196894,-111.0,111,0.05,0.1843215525150299,-33.56958770751953,1
1193,197010,-116.0,116,0.05,0.089455246925354,-38.35017776489258,1
1194,197119,-109.0,109,0.05,0.5136871337890625,-34.92021179199219,1
1195,197213,-94.0,94,0.05,0.07209989428520203,-35.570167541503906,1
1196,197322,-109.0,109,0.05,0.18732163310050964,-37.897701263427734,1
1197,197430,-108.0,108,0.05,0.0501575842499733,-34.923343658447266,1
1198,197543,-113.0,113,0.05,0.0824010819196701,-42.18144989013672,1
1199,197657,-114.0,114,0.05,0.10130652785301208,-37.43228530883789,1
1200,197768,-111.0,111,0.05,0.20986011624336243,-38.24513244628906,1
1201,197877,-109.0,109,0.05,0.051445405930280685,-34.03342819213867,1
1202,197987,-110.0,110,0.05,0.023861929774284363,-36.744529724121094,1
1203,198095,-108.0,108,0.05,0.07380880415439606,-37.914939880371094,1
1204,198204,-109.0,109,0.05,0.03677903115749359,-34.843875885009766,1
1205,198316,-112.0,112,0.05,0.1000983938574791,-35.27976989746094,1
1206,198425,-109.0,109,0.05,0.042936332523822784,-37.88990020751953,1
1207,198537,-112.0,112,0.05,0.09394116699695587,-39.899478912353516,1
1208,198647,-110.0,110,0.05,0.03165110573172569,-40.690399169921875,1
1209,198759,-112.0,112,0.05,0.25471919775009155,-33.00623321533203,1
1210,198848,-89.0,89,0.05,0.08454722166061401,-37.949283599853516,1
1211,198955,-107.0,107,0.05,0.13079272210597992,-36.51688003540039,1
1212,199067,-112.0,112,0.05,0.13092242181301117,-39.074302673339844,1
1213,199180,-113.0,113,0.05,0.2335360050201416,-36.64044952392578,1
1214,199289,-109.0,109,0.05,1.0602171421051025,-36.85602569580078,1
1215,199399,-110.0,110,0.05,0.08514831960201263,-37.96424102783203,1
1216,199508,-109.0,109,0.05,0.12515738606452942,-37.573936462402344,1
1217,199596,-88.0,88,0.05,0.07617949694395065,-34.85627746582031,1
1218,199715,-119.0,119,0.05,0.07787178456783295,-38.77781677246094,1
1219,199823,-108.0,108,0.05,0.12032536417245865,-35.20539093017578,1
1220,199941,-118.0,118,0.05,0.24823272228240967,-35.07302474975586,1
